#timestamp,constant_power_B
2025-01-01 00:00:00.00 PST,100+j0
2025-01-01 00:01:00.00 PST,3327+j1093.53
2025-01-01 00:02:00.00 PST,3356+j1103.06
2025-01-01 00:03:00.00 PST,3414+j1122.13
2025-01-01 00:04:00.00 PST,5244+j1723.62
2025-01-01 00:05:00.00 PST,5204+j1710.47
2025-01-01 00:06:00.00 PST,5164+j1697.33
2025-01-01 00:07:00.00 PST,5124+j1684.18
2025-01-01 00:08:00.00 PST,5074+j1667.74
2025-01-01 00:09:00.00 PST,5074+j1667.74
2025-01-01 00:10:00.02 PST,5094+j1674.32
2025-01-01 00:11:00.02 PST,4694+j1542.84
2025-01-01 00:12:00.02 PST,4992+j1640.79
2025-01-01 00:13:00.02 PST,4971+j1633.89
2025-01-01 00:14:00.02 PST,4999+j1643.09
2025-01-01 00:15:00.02 PST,5097+j1675.3
2025-01-01 00:16:00.02 PST,5045+j1658.21
2025-01-01 00:17:00.02 PST,5044+j1657.88
2025-01-01 00:18:00.02 PST,5064+j1664.46
2025-01-01 00:19:00.02 PST,5064+j1664.46
2025-01-01 00:20:00.02 PST,5068+j1665.77
2025-01-01 00:21:00.02 PST,2503+j822.696
2025-01-01 00:22:00.02 PST,2462+j809.22
2025-01-01 00:23:00.02 PST,2452+j805.933
2025-01-01 00:24:00.02 PST,2427+j797.716
2025-01-01 00:25:00.02 PST,2511+j825.326
2025-01-01 00:26:00.02 PST,2413+j793.115
2025-01-01 00:27:00.02 PST,2470+j811.85
2025-01-01 00:28:00.02 PST,2476+j813.822
2025-01-01 00:29:00.02 PST,2592+j851.949
2025-01-01 00:30:00.02 PST,2607+j856.879
2025-01-01 00:31:00.02 PST,2612+j858.523
2025-01-01 00:32:00.02 PST,2527+j830.585
2025-01-01 00:33:00.02 PST,2542+j835.515
2025-01-01 00:34:00.02 PST,2636+j866.411
2025-01-01 00:35:00.02 PST,2600+j854.579
2025-01-01 00:36:00.02 PST,2704+j888.762
2025-01-01 00:37:00.02 PST,2916+j958.443
2025-01-01 00:38:00.02 PST,2929+j962.716
2025-01-01 00:39:00.02 PST,2980+j979.479
2025-01-01 00:40:00.02 PST,3010+j989.339
2025-01-01 00:41:00.02 PST,3109+j1021.88
2025-01-01 00:42:00.02 PST,3108+j1021.55
2025-01-01 00:43:00.02 PST,3116+j1024.18
2025-01-01 00:44:00.02 PST,3105+j1020.56
2025-01-01 00:45:00.02 PST,3004+j987.367
2025-01-01 00:46:00.02 PST,2898+j952.527
2025-01-01 00:47:00.02 PST,2672+j878.244
2025-01-01 00:48:00.02 PST,2736+j899.28
2025-01-01 00:49:00.02 PST,2430+j798.702
2025-01-01 00:50:00.02 PST,2314+j760.575
2025-01-01 00:51:00.02 PST,2322+j763.204
2025-01-01 00:52:00.02 PST,2414+j793.443
2025-01-01 00:53:00.02 PST,2406+j790.814
2025-01-01 00:54:00.02 PST,2404+j790.157
2025-01-01 00:55:00.02 PST,3311+j1088.27
2025-01-01 00:56:00.02 PST,3397+j1116.54
2025-01-01 00:57:00.02 PST,3294+j1082.68
2025-01-01 00:58:00.02 PST,3292+j1082.03
2025-01-01 00:59:00.02 PST,3289+j1081.04
2025-01-01 01:00:00.02 PST,3276+j1076.77
2025-01-01 01:01:00.02 PST,3266+j1073.48
2025-01-01 01:02:00.02 PST,3175+j1043.57
2025-01-01 01:03:00.02 PST,3274+j1076.11
2025-01-01 01:04:00.02 PST,2788+j916.371
2025-01-01 01:05:00.02 PST,2688+j883.503
2025-01-01 01:06:00.02 PST,2688+j883.503
2025-01-01 01:07:00.02 PST,2799+j919.987
2025-01-01 01:08:00.02 PST,2710+j890.734
2025-01-01 01:09:00.02 PST,2716+j892.706
2025-01-01 01:10:00.02 PST,2721+j894.349
2025-01-01 01:11:00.02 PST,2732+j897.965
2025-01-01 01:12:00.02 PST,2736+j899.28
2025-01-01 01:13:00.02 PST,2740+j900.594
2025-01-01 01:14:00.02 PST,2744+j901.909
2025-01-01 01:15:00.02 PST,2748+j903.224
2025-01-01 01:16:00.02 PST,2751+j904.21
2025-01-01 01:17:00.02 PST,2756+j905.853
2025-01-01 01:18:00.02 PST,2762+j907.825
2025-01-01 01:19:00.02 PST,2766+j909.14
2025-01-01 01:20:00.02 PST,2871+j943.652
2025-01-01 01:21:00.02 PST,3277+j1077.1
2025-01-01 01:22:00.02 PST,3161+j1038.97
2025-01-01 01:23:00.02 PST,3155+j1037
2025-01-01 01:24:00.02 PST,3049+j1002.16
2025-01-01 01:25:00.02 PST,3053+j1003.47
2025-01-01 01:26:00.02 PST,2942+j966.989
2025-01-01 01:27:00.02 PST,2933+j964.03
2025-01-01 01:28:00.02 PST,4634+j1523.12
2025-01-01 01:29:00.02 PST,5475+j1799.54
2025-01-01 01:30:00.02 PST,4916+j1615.81
2025-01-01 01:31:00.02 PST,4962+j1630.93
2025-01-01 01:32:00.02 PST,4607+j1514.25
2025-01-01 01:33:00.02 PST,4052+j1331.83
2025-01-01 01:34:00.02 PST,2822+j927.547
2025-01-01 01:35:00.02 PST,2992+j983.423
2025-01-01 01:36:00.02 PST,2646+j869.698
2025-01-01 01:37:00.02 PST,2602+j855.236
2025-01-01 01:38:00.02 PST,2657+j873.314
2025-01-01 01:39:00.02 PST,2657+j873.314
2025-01-01 01:40:00.02 PST,2647+j870.027
2025-01-01 01:41:00.02 PST,2656+j872.985
2025-01-01 01:42:00.02 PST,2726+j895.993
2025-01-01 01:43:00.02 PST,2726+j895.993
2025-01-01 01:44:00.02 PST,2837+j932.477
2025-01-01 01:45:00.02 PST,2748+j903.224
2025-01-01 01:46:00.02 PST,2758+j906.511
2025-01-01 01:47:00.02 PST,2760+j907.168
2025-01-01 01:48:00.02 PST,2761+j907.497
2025-01-01 01:49:00.02 PST,2762+j907.825
2025-01-01 01:50:00.02 PST,2742+j901.252
2025-01-01 01:51:00.02 PST,2634+j865.754
2025-01-01 01:52:00.02 PST,2630+j864.439
2025-01-01 01:53:00.02 PST,2625+j862.796
2025-01-01 01:54:00.02 PST,2720+j894.021
2025-01-01 01:55:00.02 PST,2616+j859.838
2025-01-01 01:56:00.02 PST,2605+j856.222
2025-01-01 01:57:00.02 PST,2600+j854.579
2025-01-01 01:58:00.02 PST,2594+j852.607
2025-01-01 01:59:00.02 PST,2619+j860.824
2025-01-01 02:00:00.02 PST,2514+j826.312
2025-01-01 02:01:00.02 PST,2223+j730.665
2025-01-01 02:02:00.02 PST,2652+j871.67
2025-01-01 02:03:00.02 PST,2542+j835.515
2025-01-01 02:04:00.02 PST,2630+j864.439
2025-01-01 02:05:00.02 PST,3718+j1222.05
2025-01-01 02:06:00.02 PST,3596+j1181.95
2025-01-01 02:07:00.02 PST,3585+j1178.33
2025-01-01 02:08:00.02 PST,3574+j1174.72
2025-01-01 02:09:00.02 PST,3582+j1177.35
2025-01-01 02:10:00.02 PST,3590+j1179.98
2025-01-01 02:11:00.02 PST,3518+j1156.31
2025-01-01 02:12:00.02 PST,3517+j1155.98
2025-01-01 02:13:00.02 PST,3516+j1155.65
2025-01-01 02:14:00.02 PST,3537+j1162.56
2025-01-01 02:15:00.02 PST,3628+j1192.47
2025-01-01 02:16:00.02 PST,3624+j1191.15
2025-01-01 02:17:00.02 PST,3609+j1186.22
2025-01-01 02:18:00.02 PST,3614+j1187.86
2025-01-01 02:19:00.02 PST,3598+j1182.61
2025-01-01 02:20:00.02 PST,3591+j1180.3
2025-01-01 02:21:00.02 PST,3600+j1183.26
2025-01-01 02:22:00.02 PST,3588+j1179.32
2025-01-01 02:23:00.02 PST,3587+j1178.99
2025-01-01 02:24:00.02 PST,3576+j1175.37
2025-01-01 02:25:00.02 PST,3576+j1175.37
2025-01-01 02:26:00.02 PST,3575+j1175.05
2025-01-01 02:27:00.02 PST,3584+j1178
2025-01-01 02:28:00.02 PST,3572+j1174.06
2025-01-01 02:29:00.02 PST,3654+j1201.01
2025-01-01 02:30:00.02 PST,3655+j1201.34
2025-01-01 02:31:00.02 PST,3656+j1201.67
2025-01-01 02:32:00.02 PST,3658+j1202.33
2025-01-01 02:33:00.02 PST,3560+j1170.12
2025-01-01 02:34:00.02 PST,3458+j1136.59
2025-01-01 02:35:00.02 PST,3465+j1138.89
2025-01-01 02:36:00.02 PST,3442+j1131.33
2025-01-01 02:37:00.02 PST,3460+j1137.25
2025-01-01 02:38:00.02 PST,3448+j1133.3
2025-01-01 02:39:00.02 PST,3549+j1166.5
2025-01-01 02:40:00.02 PST,3450+j1133.96
2025-01-01 02:41:00.02 PST,3451+j1134.29
2025-01-01 02:42:00.02 PST,3442+j1131.33
2025-01-01 02:43:00.02 PST,3482+j1144.48
2025-01-01 02:44:00.02 PST,2672+j878.244
2025-01-01 02:45:00.02 PST,2672+j878.244
2025-01-01 02:46:00.02 PST,2770+j910.455
2025-01-01 02:47:00.02 PST,2764+j908.483
2025-01-01 02:48:00.02 PST,2687+j883.174
2025-01-01 02:49:00.02 PST,2681+j881.202
2025-01-01 02:50:00.02 PST,2695+j885.804
2025-01-01 02:51:00.02 PST,2705+j889.091
2025-01-01 02:52:00.02 PST,2700+j887.447
2025-01-01 02:53:00.02 PST,2704+j888.762
2025-01-01 02:54:00.02 PST,2709+j890.405
2025-01-01 02:55:00.02 PST,2714+j892.049
2025-01-01 02:56:00.02 PST,2714+j892.049
2025-01-01 02:57:00.02 PST,2664+j875.614
2025-01-01 02:58:00.02 PST,2614+j859.18
2025-01-01 02:59:00.02 PST,2809+j923.274
2025-01-01 03:00:00.02 PST,2704+j888.762
2025-01-01 03:01:00.02 PST,2702+j888.104
2025-01-01 03:02:00.02 PST,2699+j887.118
2025-01-01 03:03:00.02 PST,2696+j886.132
2025-01-01 03:04:00.02 PST,2798+j919.658
2025-01-01 03:05:00.02 PST,2710+j890.734
2025-01-01 03:06:00.02 PST,2710+j890.734
2025-01-01 03:07:00.02 PST,2708+j890.077
2025-01-01 03:08:00.02 PST,2707+j889.748
2025-01-01 03:09:00.02 PST,2706+j889.419
2025-01-01 03:10:00.02 PST,2704+j888.762
2025-01-01 03:11:00.02 PST,2604+j855.893
2025-01-01 03:12:00.02 PST,2704+j888.762
2025-01-01 03:13:00.02 PST,2705+j889.091
2025-01-01 03:14:00.02 PST,2606+j856.551
2025-01-01 03:15:00.02 PST,2606+j856.551
2025-01-01 03:16:00.02 PST,2628+j863.782
2025-01-01 03:17:00.02 PST,2618+j860.495
2025-01-01 03:18:00.02 PST,2518+j827.627
2025-01-01 03:19:00.02 PST,2618+j860.495
2025-01-01 03:20:00.02 PST,2518+j827.627
2025-01-01 03:21:00.02 PST,3516+j1155.65
2025-01-01 03:22:00.02 PST,3518+j1156.31
2025-01-01 03:23:00.02 PST,3520+j1156.97
2025-01-01 03:24:00.02 PST,3522+j1157.62
2025-01-01 03:25:00.02 PST,3524+j1158.28
2025-01-01 03:26:00.02 PST,3526+j1158.94
2025-01-01 03:27:00.02 PST,3521+j1157.3
2025-01-01 03:28:00.02 PST,3516+j1155.65
2025-01-01 03:29:00.02 PST,3527+j1159.27
2025-01-01 03:30:00.02 PST,3528+j1159.6
2025-01-01 03:31:00.02 PST,3526+j1158.94
2025-01-01 03:32:00.02 PST,3536+j1162.23
2025-01-01 03:33:00.02 PST,3545+j1165.18
2025-01-01 03:34:00.02 PST,3587+j1178.99
2025-01-01 03:35:00.02 PST,3589+j1179.65
2025-01-01 03:36:00.02 PST,3584+j1178
2025-01-01 03:37:00.02 PST,3494+j1148.42
2025-01-01 03:38:00.02 PST,3483+j1144.81
2025-01-01 03:39:00.02 PST,3482+j1144.48
2025-01-01 03:40:00.02 PST,3482+j1144.48
2025-01-01 03:41:00.02 PST,3582+j1177.35
2025-01-01 03:42:00.02 PST,3472+j1141.19
2025-01-01 03:43:00.02 PST,3483+j1144.81
2025-01-01 03:44:00.02 PST,3484+j1145.13
2025-01-01 03:45:00.02 PST,3486+j1145.79
2025-01-01 03:46:00.02 PST,3482+j1144.48
2025-01-01 03:47:00.02 PST,3466+j1139.22
2025-01-01 03:48:00.02 PST,3470+j1140.53
2025-01-01 03:49:00.02 PST,3324+j1092.55
2025-01-01 03:50:00.02 PST,3323+j1092.22
2025-01-01 03:51:00.02 PST,3432+j1128.04
2025-01-01 03:52:00.02 PST,3328+j1093.86
2025-01-01 03:53:00.02 PST,3334+j1095.83
2025-01-01 03:54:00.02 PST,3340+j1097.8
2025-01-01 03:55:00.02 PST,3345+j1099.45
2025-01-01 03:56:00.02 PST,3340+j1097.8
2025-01-01 03:57:00.02 PST,2548+j837.487
2025-01-01 03:58:00.02 PST,2646+j869.698
2025-01-01 03:59:00.02 PST,1854+j609.38
2025-01-01 04:00:00.02 PST,1863+j612.338
2025-01-01 04:01:00.02 PST,1877+j616.94
2025-01-01 04:02:00.02 PST,1883+j618.912
2025-01-01 04:03:00.02 PST,1969+j647.179
2025-01-01 04:04:00.02 PST,2082+j684.32
2025-01-01 04:05:00.02 PST,2196+j721.79
2025-01-01 04:06:00.02 PST,2410+j792.129
2025-01-01 04:07:00.02 PST,2513+j825.983
2025-01-01 04:08:00.02 PST,2616+j859.838
2025-01-01 04:09:00.02 PST,2503+j822.696
2025-01-01 04:10:00.02 PST,2380+j782.268
2025-01-01 04:11:00.02 PST,2270+j746.113
2025-01-01 04:12:00.02 PST,2155+j708.314
2025-01-01 04:13:00.02 PST,2030+j667.229
2025-01-01 04:14:00.02 PST,2032+j667.886
2025-01-01 04:15:00.02 PST,2015+j662.298
2025-01-01 04:16:00.02 PST,2132+j700.755
2025-01-01 04:17:00.02 PST,2000+j657.368
2025-01-01 04:18:00.02 PST,2007+j659.669
2025-01-01 04:19:00.02 PST,2044+j671.83
2025-01-01 04:20:00.02 PST,2092+j687.607
2025-01-01 04:21:00.02 PST,2132+j700.755
2025-01-01 04:22:00.02 PST,2142+j704.041
2025-01-01 04:23:00.02 PST,2193+j720.804
2025-01-01 04:24:00.02 PST,2063+j678.075
2025-01-01 04:25:00.02 PST,2023+j664.928
2025-01-01 04:26:00.02 PST,1992+j654.739
2025-01-01 04:27:00.02 PST,1970+j647.508
2025-01-01 04:28:00.02 PST,1949+j640.605
2025-01-01 04:29:00.02 PST,1967+j646.522
2025-01-01 04:30:00.02 PST,1986+j652.767
2025-01-01 04:31:00.02 PST,1992+j654.739
2025-01-01 04:32:00.02 PST,2006+j659.34
2025-01-01 04:33:00.02 PST,2019+j663.613
2025-01-01 04:34:00.02 PST,2032+j667.886
2025-01-01 04:35:00.02 PST,2040+j670.516
2025-01-01 04:36:00.02 PST,2054+j675.117
2025-01-01 04:37:00.02 PST,2052+j674.46
2025-01-01 04:38:00.02 PST,3079+j1012.02
2025-01-01 04:39:00.02 PST,3077+j1011.36
2025-01-01 04:40:00.02 PST,3085+j1013.99
2025-01-01 04:41:00.02 PST,3078+j1011.69
2025-01-01 04:42:00.02 PST,3064+j1007.09
2025-01-01 04:43:00.02 PST,3050+j1002.49
2025-01-01 04:44:00.02 PST,3046+j1001.17
2025-01-01 04:45:00.02 PST,3042+j999.857
2025-01-01 04:46:00.02 PST,3052+j1003.14
2025-01-01 04:47:00.02 PST,3203+j1052.78
2025-01-01 04:48:00.02 PST,3144+j1033.38
2025-01-01 04:49:00.02 PST,3104+j1020.24
2025-01-01 04:50:00.02 PST,3125+j1027.14
2025-01-01 04:51:00.02 PST,3342+j1098.46
2025-01-01 04:52:00.02 PST,3546+j1165.51
2025-01-01 04:53:00.02 PST,3561+j1170.44
2025-01-01 04:54:00.02 PST,3556+j1168.8
2025-01-01 04:55:00.02 PST,4460+j1465.93
2025-01-01 04:56:00.02 PST,3674+j1207.58
2025-01-01 04:57:00.02 PST,3665+j1204.63
2025-01-01 04:58:00.02 PST,14326+j4708.73
2025-01-01 04:59:00.02 PST,4886+j1605.95
2025-01-01 05:00:00.02 PST,3947+j1297.32
2025-01-01 05:01:00.02 PST,4006+j1316.71
2025-01-01 05:02:00.02 PST,13806+j4537.81
2025-01-01 05:03:00.02 PST,3306+j1086.63
2025-01-01 05:04:00.02 PST,3306+j1086.63
2025-01-01 05:05:00.02 PST,3206+j1053.76
2025-01-01 05:06:00.02 PST,3206+j1053.76
2025-01-01 05:07:00.02 PST,3215+j1056.72
2025-01-01 05:08:00.02 PST,3204+j1053.1
2025-01-01 05:09:00.02 PST,3212+j1055.73
2025-01-01 05:10:00.02 PST,3201+j1052.12
2025-01-01 05:11:00.02 PST,2910+j956.471
2025-01-01 05:12:00.02 PST,2905+j954.827
2025-01-01 05:13:00.02 PST,2900+j953.184
2025-01-01 05:14:00.02 PST,2894+j951.212
2025-01-01 05:15:00.02 PST,3389+j1113.91
2025-01-01 05:16:00.02 PST,2364+j777.009
2025-01-01 05:17:00.02 PST,3158+j1037.98
2025-01-01 05:18:00.02 PST,3071+j1009.39
2025-01-01 05:19:00.02 PST,3064+j1007.09
2025-01-01 05:20:00.02 PST,3058+j1005.12
2025-01-01 05:21:00.02 PST,3060+j1005.77
2025-01-01 05:22:00.02 PST,3055+j1004.13
2025-01-01 05:23:00.02 PST,3451+j1134.29
2025-01-01 05:24:00.02 PST,3446+j1132.64
2025-01-01 05:25:00.02 PST,3332+j1095.17
2025-01-01 05:26:00.02 PST,2847+j935.764
2025-01-01 05:27:00.02 PST,7242+j2380.33
2025-01-01 05:28:00.02 PST,4066+j1336.43
2025-01-01 05:29:00.02 PST,1361+j447.339
2025-01-01 05:30:00.02 PST,1396+j458.843
2025-01-01 05:31:00.02 PST,1630+j535.755
2025-01-01 05:32:00.02 PST,1647+j541.343
2025-01-01 05:33:00.02 PST,1664+j546.93
2025-01-01 05:34:00.02 PST,1720+j565.337
2025-01-01 05:35:00.02 PST,1737+j570.924
2025-01-01 05:36:00.02 PST,1784+j586.372
2025-01-01 05:37:00.02 PST,1835+j603.135
2025-01-01 05:38:00.02 PST,2076+j682.348
2025-01-01 05:39:00.02 PST,2048+j673.145
2025-01-01 05:40:00.02 PST,2039+j670.187
2025-01-01 05:41:00.02 PST,2010+j660.655
2025-01-01 05:42:00.02 PST,1998+j656.711
2025-01-01 05:43:00.02 PST,2036+j669.201
2025-01-01 05:44:00.02 PST,2084+j684.978
2025-01-01 05:45:00.02 PST,2092+j687.607
2025-01-01 05:46:00.02 PST,2140+j703.384
2025-01-01 05:47:00.02 PST,2248+j738.882
2025-01-01 05:48:00.02 PST,2346+j771.093
2025-01-01 05:49:00.02 PST,2464+j809.878
2025-01-01 05:50:00.02 PST,3292+j1082.03
2025-01-01 05:51:00.02 PST,3380+j1110.95
2025-01-01 05:52:00.02 PST,3224+j1059.68
2025-01-01 05:53:00.02 PST,3307+j1086.96
2025-01-01 05:54:00.02 PST,3220+j1058.36
2025-01-01 05:55:00.02 PST,3264+j1072.82
2025-01-01 05:56:00.02 PST,3617+j1188.85
2025-01-01 05:57:00.02 PST,3561+j1170.44
2025-01-01 05:58:00.02 PST,3565+j1171.76
2025-01-01 05:59:00.02 PST,3559+j1169.79
2025-01-01 06:00:00.02 PST,3463+j1138.23
2025-01-01 06:01:00.02 PST,3507+j1152.69
2025-01-01 06:02:00.02 PST,3507+j1152.69
2025-01-01 06:03:00.02 PST,3487+j1146.12
2025-01-01 06:04:00.02 PST,3187+j1047.52
2025-01-01 06:05:00.02 PST,3227+j1060.66
2025-01-01 06:06:00.02 PST,3167+j1040.94
2025-01-01 06:07:00.02 PST,3244+j1066.25
2025-01-01 06:08:00.02 PST,3250+j1068.22
2025-01-01 06:09:00.02 PST,3237+j1063.95
2025-01-01 06:10:00.02 PST,3274+j1076.11
2025-01-01 06:11:00.02 PST,3270+j1074.8
2025-01-01 06:12:00.02 PST,3285+j1079.73
2025-01-01 06:13:00.02 PST,3320+j1091.23
2025-01-01 06:14:00.02 PST,3294+j1082.68
2025-01-01 06:15:00.02 PST,3279+j1077.76
2025-01-01 06:16:00.02 PST,3274+j1076.11
2025-01-01 06:17:00.02 PST,3322+j1091.89
2025-01-01 06:18:00.02 PST,3330+j1094.52
2025-01-01 06:19:00.02 PST,3418+j1123.44
2025-01-01 06:20:00.02 PST,3381+j1111.28
2025-01-01 06:21:00.02 PST,3364+j1105.69
2025-01-01 06:22:00.02 PST,3391+j1114.57
2025-01-01 06:23:00.02 PST,3013+j990.325
2025-01-01 06:24:00.02 PST,2776+j912.427
2025-01-01 06:25:00.02 PST,2403+j789.828
2025-01-01 06:26:00.02 PST,1560+j512.747
2025-01-01 06:27:00.02 PST,1661+j545.944
2025-01-01 06:28:00.02 PST,1642+j539.699
2025-01-01 06:29:00.02 PST,1622+j533.126
2025-01-01 06:30:00.02 PST,1663+j546.602
2025-01-01 06:31:00.02 PST,1584+j520.636
2025-01-01 06:32:00.02 PST,1634+j537.07
2025-01-01 06:33:00.02 PST,1665+j547.259
2025-01-01 06:34:00.02 PST,1706+j560.735
2025-01-01 06:35:00.02 PST,1676+j550.875
2025-01-01 06:36:00.02 PST,1747+j574.211
2025-01-01 06:37:00.02 PST,1760+j578.484
2025-01-01 06:38:00.02 PST,1782+j585.715
2025-01-01 06:39:00.02 PST,1745+j573.554
2025-01-01 06:40:00.02 PST,1748+j574.54
2025-01-01 06:41:00.02 PST,1600+j525.895
2025-01-01 06:42:00.02 PST,1585+j520.964
2025-01-01 06:43:00.02 PST,1600+j525.895
2025-01-01 06:44:00.02 PST,1574+j517.349
2025-01-01 06:45:00.02 PST,1569+j515.705
2025-01-01 06:46:00.02 PST,1554+j510.775
2025-01-01 06:47:00.02 PST,1545+j507.817
2025-01-01 06:48:00.02 PST,1536+j504.859
2025-01-01 06:49:00.02 PST,1528+j502.229
2025-01-01 06:50:00.02 PST,1509+j495.984
2025-01-01 06:51:00.02 PST,1470+j483.166
2025-01-01 06:52:00.02 PST,1461+j480.207
2025-01-01 06:53:00.02 PST,1452+j477.249
2025-01-01 06:54:00.02 PST,1443+j474.291
2025-01-01 06:55:00.02 PST,1434+j471.333
2025-01-01 06:56:00.02 PST,1425+j468.375
2025-01-01 06:57:00.02 PST,1412+j464.102
2025-01-01 06:58:00.02 PST,1413+j464.431
2025-01-01 06:59:00.02 PST,1414+j464.759
2025-01-01 07:00:00.02 PST,1336+j439.122
2025-01-01 07:01:00.02 PST,1332+j437.807
2025-01-01 07:02:00.02 PST,1337+j439.451
2025-01-01 07:03:00.02 PST,1327+j436.164
2025-01-01 07:04:00.02 PST,1357+j446.024
2025-01-01 07:05:00.02 PST,1387+j455.885
2025-01-01 07:06:00.02 PST,1357+j446.024
2025-01-01 07:07:00.02 PST,1319+j433.534
2025-01-01 07:08:00.02 PST,1574+j517.349
2025-01-01 07:09:00.02 PST,1578+j518.664
2025-01-01 07:10:00.02 PST,1513+j497.299
2025-01-01 07:11:00.02 PST,1518+j498.942
2025-01-01 07:12:00.02 PST,2484+j816.451
2025-01-01 07:13:00.02 PST,2522+j828.941
2025-01-01 07:14:00.02 PST,2440+j801.989
2025-01-01 07:15:00.02 PST,2558+j840.774
2025-01-01 07:16:00.02 PST,2526+j830.256
2025-01-01 07:17:00.02 PST,2568+j844.061
2025-01-01 07:18:00.02 PST,2686+j882.846
2025-01-01 07:19:00.02 PST,2814+j924.917
2025-01-01 07:20:00.02 PST,2952+j970.275
2025-01-01 07:21:00.02 PST,3080+j1012.35
2025-01-01 07:22:00.02 PST,3085+j1013.99
2025-01-01 07:23:00.02 PST,3089+j1015.3
2025-01-01 07:24:00.02 PST,3103+j1019.91
2025-01-01 07:25:00.02 PST,3107+j1021.22
2025-01-01 07:26:00.02 PST,3001+j986.381
2025-01-01 07:27:00.02 PST,2965+j974.548
2025-01-01 07:28:00.02 PST,2753+j904.867
2025-01-01 07:29:00.02 PST,2741+j900.923
2025-01-01 07:30:00.02 PST,2529+j831.242
2025-01-01 07:31:00.02 PST,2417+j794.429
2025-01-01 07:32:00.02 PST,2446+j803.961
2025-01-01 07:33:00.02 PST,2446+j803.961
2025-01-01 07:34:00.02 PST,2207+j725.406
2025-01-01 07:35:00.02 PST,2258+j742.169
2025-01-01 07:36:00.02 PST,2198+j722.448
2025-01-01 07:37:00.02 PST,3454+j1135.28
2025-01-01 07:38:00.02 PST,3462+j1137.9
2025-01-01 07:39:00.02 PST,3471+j1140.86
2025-01-01 07:40:00.02 PST,3380+j1110.95
2025-01-01 07:41:00.02 PST,3378+j1110.3
2025-01-01 07:42:00.02 PST,3977+j1307.18
2025-01-01 07:43:00.02 PST,3896+j1280.55
2025-01-01 07:44:00.02 PST,3834+j1260.17
2025-01-01 07:45:00.02 PST,3823+j1256.56
2025-01-01 07:46:00.02 PST,3852+j1266.09
2025-01-01 07:47:00.02 PST,3801+j1249.33
2025-01-01 07:48:00.02 PST,3809+j1251.96
2025-01-01 07:49:00.02 PST,3087+j1014.65
2025-01-01 07:50:00.02 PST,2985+j981.122
2025-01-01 07:51:00.02 PST,2993+j983.752
2025-01-01 07:52:00.02 PST,3000+j986.052
2025-01-01 07:53:00.02 PST,3085+j1013.99
2025-01-01 07:54:00.02 PST,3090+j1015.63
2025-01-01 07:55:00.02 PST,3086+j1014.32
2025-01-01 07:56:00.02 PST,1371+j450.626
2025-01-01 07:57:00.02 PST,3064+j1007.09
2025-01-01 07:58:00.02 PST,3043+j1000.19
2025-01-01 07:59:00.02 PST,3052+j1003.14
2025-01-01 08:00:00.02 PST,3040+j999.2
2025-01-01 08:01:00.02 PST,3059+j1005.44
2025-01-01 08:02:00.02 PST,1360+j447.01
2025-01-01 08:03:00.02 PST,3059+j1005.44
2025-01-01 08:04:00.02 PST,3058+j1005.12
2025-01-01 08:05:00.02 PST,3096+j1017.61
2025-01-01 08:06:00.02 PST,1395+j458.514
2025-01-01 08:07:00.02 PST,3148+j1034.7
2025-01-01 08:08:00.02 PST,3243+j1065.92
2025-01-01 08:09:00.02 PST,3308+j1087.29
2025-01-01 08:10:00.02 PST,1682+j552.847
2025-01-01 08:11:00.02 PST,3477+j1142.84
2025-01-01 08:12:00.02 PST,3412+j1121.47
2025-01-01 08:13:00.02 PST,3332+j1095.17
2025-01-01 08:14:00.02 PST,1583+j520.307
2025-01-01 08:15:00.02 PST,3234+j1062.96
2025-01-01 08:16:00.02 PST,3194+j1049.82
2025-01-01 08:17:00.02 PST,3356+j1103.06
2025-01-01 08:18:00.02 PST,1665+j547.259
2025-01-01 08:19:00.02 PST,3464+j1138.56
2025-01-01 08:20:00.02 PST,3502+j1151.05
2025-01-01 08:21:00.02 PST,1821+j598.534
2025-01-01 08:22:00.02 PST,3531+j1160.58
2025-01-01 08:23:00.02 PST,3530+j1160.26
2025-01-01 08:24:00.02 PST,3530+j1160.26
2025-01-01 08:25:00.02 PST,1769+j581.442
2025-01-01 08:26:00.02 PST,3508+j1153.02
2025-01-01 08:27:00.02 PST,3495+j1148.75
2025-01-01 08:28:00.02 PST,1720+j565.337
2025-01-01 08:29:00.02 PST,3394+j1115.55
2025-01-01 08:30:00.02 PST,3379+j1110.62
2025-01-01 08:31:00.02 PST,1674+j550.217
2025-01-01 08:32:00.02 PST,1603+j526.881
2025-01-01 08:33:00.02 PST,4253+j1397.89
2025-01-01 08:34:00.02 PST,4393+j1443.91
2025-01-01 08:35:00.02 PST,2543+j835.844
2025-01-01 08:36:00.02 PST,4203+j1381.46
2025-01-01 08:37:00.02 PST,4323+j1420.9
2025-01-01 08:38:00.02 PST,2651+j871.342
2025-01-01 08:39:00.02 PST,4389+j1442.6
2025-01-01 08:40:00.02 PST,4407+j1448.51
2025-01-01 08:41:00.02 PST,4445+j1461
2025-01-01 08:42:00.02 PST,2654+j872.328
2025-01-01 08:43:00.02 PST,4356+j1431.75
2025-01-01 08:44:00.02 PST,4357+j1432.08
2025-01-01 08:45:00.02 PST,2688+j883.503
2025-01-01 08:46:00.02 PST,4340+j1426.49
2025-01-01 08:47:00.02 PST,4455+j1464.29
2025-01-01 08:48:00.02 PST,2839+j933.134
2025-01-01 08:49:00.02 PST,2732+j897.965
2025-01-01 08:50:00.02 PST,4466+j1467.9
2025-01-01 08:51:00.02 PST,2739+j900.266
2025-01-01 08:52:00.02 PST,4358+j1432.4
2025-01-01 08:53:00.02 PST,4307+j1415.64
2025-01-01 08:54:00.02 PST,4286+j1408.74
2025-01-01 08:55:00.02 PST,2556+j840.117
2025-01-01 08:56:00.02 PST,4355+j1431.42
2025-01-01 08:57:00.02 PST,4161+j1367.65
2025-01-01 08:58:00.02 PST,2368+j778.324
2025-01-01 08:59:00.02 PST,4020+j1321.31
2025-01-01 09:00:00.02 PST,3862+j1269.38
2025-01-01 09:01:00.02 PST,3794+j1247.03
2025-01-01 09:02:00.02 PST,2294+j754.001
2025-01-01 09:03:00.02 PST,4325+j1421.56
2025-01-01 09:04:00.02 PST,4417+j1451.8
2025-01-01 09:05:00.02 PST,3049+j1002.16
2025-01-01 09:06:00.02 PST,3181+j1045.54
2025-01-01 09:07:00.02 PST,3145+j1033.71
2025-01-01 09:08:00.02 PST,3169+j1041.6
2025-01-01 09:09:00.02 PST,3135+j1030.42
2025-01-01 09:10:00.02 PST,2331+j766.163
2025-01-01 09:11:00.02 PST,2297+j754.987
2025-01-01 09:12:00.02 PST,2192+j720.476
2025-01-01 09:13:00.02 PST,2086+j685.635
2025-01-01 09:14:00.02 PST,2023+j664.928
2025-01-01 09:15:00.02 PST,1959+j643.892
2025-01-01 09:16:00.02 PST,1905+j626.143
2025-01-01 09:17:00.02 PST,1892+j621.87
2025-01-01 09:18:00.02 PST,1889+j620.884
2025-01-01 09:19:00.02 PST,1886+j619.898
2025-01-01 09:20:00.02 PST,1893+j622.199
2025-01-01 09:21:00.02 PST,1880+j617.926
2025-01-01 09:22:00.02 PST,1826+j600.177
2025-01-01 09:23:00.02 PST,1871+j614.968
2025-01-01 09:24:00.02 PST,1816+j596.89
2025-01-01 09:25:00.02 PST,1752+j575.855
2025-01-01 09:26:00.02 PST,1707+j561.064
2025-01-01 09:27:00.02 PST,1698+j558.106
2025-01-01 09:28:00.02 PST,1700+j558.763
2025-01-01 09:29:00.02 PST,1701+j559.092
2025-01-01 09:30:00.02 PST,1702+j559.42
2025-01-01 09:31:00.02 PST,1704+j560.078
2025-01-01 09:32:00.02 PST,1665+j547.259
2025-01-01 09:33:00.02 PST,1626+j534.44
2025-01-01 09:34:00.02 PST,1588+j521.95
2025-01-01 09:35:00.02 PST,1559+j512.419
2025-01-01 09:36:00.02 PST,1510+j496.313
2025-01-01 09:37:00.02 PST,1503+j494.012
2025-01-01 09:38:00.02 PST,1496+j491.711
2025-01-01 09:39:00.02 PST,1488+j489.082
2025-01-01 09:40:00.02 PST,1481+j486.781
2025-01-01 09:41:00.02 PST,1544+j507.488
2025-01-01 09:42:00.02 PST,1631+j536.084
2025-01-01 09:43:00.02 PST,1688+j554.819
2025-01-01 09:44:00.02 PST,1726+j567.309
2025-01-01 09:45:00.02 PST,1783+j586.044
2025-01-01 09:46:00.02 PST,1840+j604.779
2025-01-01 09:47:00.02 PST,1816+j596.89
2025-01-01 09:48:00.02 PST,1812+j595.576
2025-01-01 09:49:00.02 PST,1808+j594.261
2025-01-01 09:50:00.02 PST,1794+j589.659
2025-01-01 09:51:00.02 PST,1770+j581.771
2025-01-01 09:52:00.02 PST,1812+j595.576
2025-01-01 09:53:00.02 PST,1644+j540.357
2025-01-01 09:54:00.02 PST,1576+j518.006
2025-01-01 09:55:00.02 PST,1508+j495.656
2025-01-01 09:56:00.02 PST,2450+j805.276
2025-01-01 09:57:00.02 PST,2330+j765.834
2025-01-01 09:58:00.02 PST,2161+j710.286
2025-01-01 09:59:00.02 PST,2252+j740.197
2025-01-01 10:00:00.02 PST,2124+j698.125
2025-01-01 10:01:00.02 PST,2115+j695.167
2025-01-01 10:02:00.02 PST,2211+j726.721
2025-01-01 10:03:00.02 PST,2118+j696.153
2025-01-01 10:04:00.02 PST,2124+j698.125
2025-01-01 10:05:00.02 PST,2131+j700.426
2025-01-01 10:06:00.02 PST,2137+j702.398
2025-01-01 10:07:00.02 PST,2149+j706.342
2025-01-01 10:08:00.02 PST,2161+j710.286
2025-01-01 10:09:00.02 PST,2173+j714.231
2025-01-01 10:10:00.02 PST,2194+j721.133
2025-01-01 10:11:00.02 PST,2102+j690.894
2025-01-01 10:12:00.02 PST,2094+j688.265
2025-01-01 10:13:00.02 PST,2106+j692.209
2025-01-01 10:14:00.02 PST,2108+j692.866
2025-01-01 10:15:00.02 PST,2110+j693.523
2025-01-01 10:16:00.02 PST,2102+j690.894
2025-01-01 10:17:00.02 PST,2128+j699.44
2025-01-01 10:18:00.02 PST,2144+j704.699
2025-01-01 10:19:00.02 PST,2159+j709.629
2025-01-01 10:20:00.02 PST,2074+j681.691
2025-01-01 10:21:00.02 PST,2090+j686.95
2025-01-01 10:22:00.02 PST,2076+j682.348
2025-01-01 10:23:00.02 PST,2056+j675.775
2025-01-01 10:24:00.02 PST,1986+j652.767
2025-01-01 10:25:00.02 PST,2126+j698.782
2025-01-01 10:26:00.02 PST,1996+j656.053
2025-01-01 10:27:00.02 PST,1984+j652.109
2025-01-01 10:28:00.02 PST,2088+j686.292
2025-01-01 10:29:00.02 PST,1982+j651.452
2025-01-01 10:30:00.02 PST,1986+j652.767
2025-01-01 10:31:00.02 PST,2000+j657.368
2025-01-01 10:32:00.02 PST,1990+j654.081
2025-01-01 10:33:00.02 PST,1201+j394.75
2025-01-01 10:34:00.02 PST,1292+j424.66
2025-01-01 10:35:00.02 PST,1302+j427.947
2025-01-01 10:36:00.02 PST,1293+j424.989
2025-01-01 10:37:00.02 PST,1404+j461.472
2025-01-01 10:38:00.02 PST,1383+j454.57
2025-01-01 10:39:00.02 PST,1382+j454.241
2025-01-01 10:40:00.02 PST,1392+j457.528
2025-01-01 10:41:00.02 PST,1391+j457.2
2025-01-01 10:42:00.02 PST,1390+j456.871
2025-01-01 10:43:00.02 PST,1380+j453.584
2025-01-01 10:44:00.02 PST,1380+j453.584
2025-01-01 10:45:00.02 PST,1480+j486.452
2025-01-01 10:46:00.02 PST,1380+j453.584
2025-01-01 10:47:00.02 PST,1381+j453.913
2025-01-01 10:48:00.02 PST,1384+j454.899
2025-01-01 10:49:00.02 PST,1378+j452.927
2025-01-01 10:50:00.02 PST,1381+j453.913
2025-01-01 10:51:00.02 PST,1394+j458.186
2025-01-01 10:52:00.02 PST,1448+j475.935
2025-01-01 10:53:00.02 PST,1493+j490.725
2025-01-01 10:54:00.02 PST,1548+j508.803
2025-01-01 10:55:00.02 PST,1604+j527.209
2025-01-01 10:56:00.02 PST,1659+j545.287
2025-01-01 10:57:00.02 PST,1618+j531.811
2025-01-01 10:58:00.02 PST,1490+j489.739
2025-01-01 10:59:00.02 PST,1443+j474.291
2025-01-01 11:00:00.02 PST,1396+j458.843
2025-01-01 11:01:00.02 PST,1408+j462.787
2025-01-01 11:02:00.02 PST,1580+j519.321
2025-01-01 11:03:00.02 PST,1803+j592.617
2025-01-01 11:04:00.02 PST,1856+j610.038
2025-01-01 11:05:00.02 PST,1988+j653.424
2025-01-01 11:06:00.02 PST,2141+j703.713
2025-01-01 11:07:00.02 PST,2161+j710.286
2025-01-01 11:08:00.02 PST,2260+j742.826
2025-01-01 11:09:00.02 PST,2280+j749.4
2025-01-01 11:10:00.02 PST,2209+j726.063
2025-01-01 11:11:00.02 PST,2328+j765.177
2025-01-01 11:12:00.02 PST,2157+j708.972
2025-01-01 11:13:00.02 PST,2180+j716.531
2025-01-01 11:14:00.02 PST,2002+j658.026
2025-01-01 11:15:00.02 PST,1945+j639.291
2025-01-01 11:16:00.02 PST,1868+j613.982
2025-01-01 11:17:00.02 PST,2003+j658.354
2025-01-01 11:18:00.02 PST,3031+j996.242
2025-01-01 11:19:00.02 PST,3029+j995.584
2025-01-01 11:20:00.02 PST,3047+j1001.5
2025-01-01 11:21:00.02 PST,3045+j1000.84
2025-01-01 11:22:00.02 PST,3080+j1012.35
2025-01-01 11:23:00.02 PST,3010+j989.339
2025-01-01 11:24:00.02 PST,3011+j989.668
2025-01-01 11:25:00.02 PST,3052+j1003.14
2025-01-01 11:26:00.02 PST,3092+j1016.29
2025-01-01 11:27:00.02 PST,3094+j1016.95
2025-01-01 11:28:00.02 PST,3199+j1051.46
2025-01-01 11:29:00.02 PST,3304+j1085.97
2025-01-01 11:30:00.02 PST,3403+j1118.51
2025-01-01 11:31:00.02 PST,3503+j1151.38
2025-01-01 11:32:00.02 PST,3626+j1191.81
2025-01-01 11:33:00.02 PST,3485+j1145.46
2025-01-01 11:34:00.02 PST,3364+j1105.69
2025-01-01 11:35:00.02 PST,3242+j1065.59
2025-01-01 11:36:00.02 PST,3211+j1055.4
2025-01-01 11:37:00.02 PST,3205+j1053.43
2025-01-01 11:38:00.02 PST,3091+j1015.96
2025-01-01 11:39:00.02 PST,2997+j985.066
2025-01-01 11:40:00.02 PST,2763+j908.154
2025-01-01 11:41:00.02 PST,2649+j870.684
2025-01-01 11:42:00.02 PST,2632+j865.097
2025-01-01 11:43:00.02 PST,2743+j901.581
2025-01-01 11:44:00.02 PST,2804+j921.63
2025-01-01 11:45:00.02 PST,2796+j919.001
2025-01-01 11:46:00.02 PST,2837+j932.477
2025-01-01 11:47:00.02 PST,2792+j917.686
2025-01-01 11:48:00.02 PST,2484+j816.451
2025-01-01 11:49:00.02 PST,2327+j764.848
2025-01-01 11:50:00.02 PST,2190+j719.818
2025-01-01 11:51:00.02 PST,2072+j681.033
2025-01-01 11:52:00.02 PST,2108+j692.866
2025-01-01 11:53:00.02 PST,4017+j1320.32
2025-01-01 11:54:00.02 PST,3956+j1300.27
2025-01-01 11:55:00.02 PST,3945+j1296.66
2025-01-01 11:56:00.02 PST,3244+j1066.25
2025-01-01 11:57:00.02 PST,3218+j1057.7
2025-01-01 11:58:00.02 PST,3342+j1098.46
2025-01-01 11:59:00.02 PST,3352+j1101.75
2025-01-01 12:00:00.02 PST,3372+j1108.32
2025-01-01 12:01:00.02 PST,3416+j1122.78
2025-01-01 12:02:00.02 PST,3427+j1126.4
2025-01-01 12:03:00.02 PST,3408+j1120.15
2025-01-01 12:04:00.02 PST,3412+j1121.47
2025-01-01 12:05:00.02 PST,3416+j1122.78
2025-01-01 12:06:00.02 PST,1590+j522.608
2025-01-01 12:07:00.02 PST,1612+j529.839
2025-01-01 12:08:00.02 PST,1624+j533.783
2025-01-01 12:09:00.02 PST,1636+j537.727
2025-01-01 12:10:00.02 PST,1659+j545.287
2025-01-01 12:11:00.02 PST,1672+j549.56
2025-01-01 12:12:00.02 PST,1780+j585.058
2025-01-01 12:13:00.02 PST,1759+j578.155
2025-01-01 12:14:00.02 PST,1727+j567.637
2025-01-01 12:15:00.02 PST,1745+j573.554
2025-01-01 12:16:00.02 PST,1743+j572.896
2025-01-01 12:17:00.02 PST,1726+j567.309
2025-01-01 12:18:00.02 PST,3490+j1147.11
2025-01-01 12:19:00.02 PST,3488+j1146.45
2025-01-01 12:20:00.02 PST,1666+j547.588
2025-01-01 12:21:00.02 PST,1644+j540.357
2025-01-01 12:22:00.02 PST,1648+j541.671
2025-01-01 12:23:00.02 PST,1632+j536.412
2025-01-01 12:24:00.02 PST,1646+j541.014
2025-01-01 12:25:00.02 PST,1641+j539.371
2025-01-01 12:26:00.02 PST,1636+j537.727
2025-01-01 12:27:00.02 PST,1655+j543.972
2025-01-01 12:28:00.02 PST,2664+j875.614
2025-01-01 12:29:00.02 PST,1646+j541.014
2025-01-01 12:30:00.02 PST,1638+j538.385
2025-01-01 12:31:00.02 PST,1670+j548.902
2025-01-01 12:32:00.02 PST,1658+j544.958
2025-01-01 12:33:00.02 PST,1606+j527.867
2025-01-01 12:34:00.02 PST,1581+j519.65
2025-01-01 12:35:00.02 PST,1566+j514.719
2025-01-01 12:36:00.02 PST,1570+j516.034
2025-01-01 12:37:00.02 PST,1590+j522.608
2025-01-01 12:38:00.02 PST,3240+j1064.94
2025-01-01 12:39:00.02 PST,5051+j1660.18
2025-01-01 12:40:00.02 PST,6212+j2041.79
2025-01-01 12:41:00.02 PST,6312+j2074.65
2025-01-01 12:42:00.02 PST,6040+j1985.25
2025-01-01 12:43:00.02 PST,5978+j1964.87
2025-01-01 12:44:00.02 PST,6022+j1979.34
2025-01-01 12:45:00.02 PST,5955+j1957.31
2025-01-01 12:46:00.02 PST,5838+j1918.86
2025-01-01 12:47:00.02 PST,5853+j1923.79
2025-01-01 12:48:00.02 PST,6108+j2007.6
2025-01-01 12:49:00.02 PST,6056+j1990.51
2025-01-01 12:50:00.02 PST,6163+j2025.68
2025-01-01 12:51:00.02 PST,6301+j2071.04
2025-01-01 12:52:00.02 PST,6380+j2097
2025-01-01 12:53:00.02 PST,6358+j2089.77
2025-01-01 12:54:00.02 PST,6292+j2068.08
2025-01-01 12:55:00.02 PST,6305+j2072.35
2025-01-01 12:56:00.02 PST,6388+j2099.63
2025-01-01 12:57:00.02 PST,4629+j1521.48
2025-01-01 12:58:00.02 PST,4669+j1534.63
2025-01-01 12:59:00.02 PST,4503+j1480.07
2025-01-01 13:00:00.02 PST,4337+j1425.5
2025-01-01 13:01:00.02 PST,4171+j1370.94
2025-01-01 13:02:00.02 PST,4006+j1316.71
2025-01-01 13:03:00.02 PST,3902+j1282.52
2025-01-01 13:04:00.02 PST,3892+j1279.24
2025-01-01 13:05:00.02 PST,3883+j1276.28
2025-01-01 13:06:00.02 PST,3894+j1279.9
2025-01-01 13:07:00.02 PST,3778+j1241.77
2025-01-01 13:08:00.02 PST,3863+j1269.71
2025-01-01 13:09:00.02 PST,3858+j1268.06
2025-01-01 13:10:00.02 PST,3870+j1272.01
2025-01-01 13:11:00.02 PST,3993+j1312.44
2025-01-01 13:12:00.02 PST,3886+j1277.27
2025-01-01 13:13:00.02 PST,3890+j1278.58
2025-01-01 13:14:00.02 PST,3893+j1279.57
2025-01-01 13:15:00.02 PST,3786+j1244.4
2025-01-01 13:16:00.02 PST,3880+j1275.29
2025-01-01 13:17:00.02 PST,3878+j1274.64
2025-01-01 13:18:00.02 PST,3776+j1241.11
2025-01-01 13:19:00.02 PST,3764+j1237.17
2025-01-01 13:20:00.02 PST,3893+j1279.57
2025-01-01 13:21:00.02 PST,3882+j1275.95
2025-01-01 13:22:00.02 PST,3790+j1245.71
2025-01-01 13:23:00.02 PST,3799+j1248.67
2025-01-01 13:24:00.02 PST,3815+j1253.93
2025-01-01 13:25:00.02 PST,3830+j1258.86
2025-01-01 13:26:00.02 PST,3120+j1025.49
2025-01-01 13:27:00.02 PST,3039+j998.871
2025-01-01 13:28:00.02 PST,2978+j978.821
2025-01-01 13:29:00.02 PST,3121+j1025.82
2025-01-01 13:30:00.02 PST,3094+j1016.95
2025-01-01 13:31:00.02 PST,3100+j1018.92
2025-01-01 13:32:00.02 PST,3126+j1027.47
2025-01-01 13:33:00.02 PST,3142+j1032.72
2025-01-01 13:34:00.02 PST,3168+j1041.27
2025-01-01 13:35:00.02 PST,3163+j1039.63
2025-01-01 13:36:00.02 PST,3158+j1037.98
2025-01-01 13:37:00.02 PST,3165+j1040.28
2025-01-01 13:38:00.02 PST,3152+j1036.01
2025-01-01 13:39:00.02 PST,3149+j1035.03
2025-01-01 13:40:00.02 PST,3146+j1034.04
2025-01-01 13:41:00.02 PST,3147+j1034.37
2025-01-01 13:42:00.02 PST,3156+j1037.33
2025-01-01 13:43:00.02 PST,3216+j1057.05
2025-01-01 13:44:00.02 PST,3214+j1056.39
2025-01-01 13:45:00.02 PST,4963+j1631.26
2025-01-01 13:46:00.02 PST,4950+j1626.99
2025-01-01 13:47:00.02 PST,4934+j1621.73
2025-01-01 13:48:00.02 PST,4938+j1623.04
2025-01-01 13:49:00.02 PST,4982+j1637.5
2025-01-01 13:50:00.02 PST,4966+j1632.24
2025-01-01 13:51:00.02 PST,4971+j1633.89
2025-01-01 13:52:00.02 PST,3800+j1249
2025-01-01 13:53:00.02 PST,3668+j1205.61
2025-01-01 13:54:00.02 PST,3332+j1095.17
2025-01-01 13:55:00.02 PST,3306+j1086.63
2025-01-01 13:56:00.02 PST,3311+j1088.27
2025-01-01 13:57:00.02 PST,3261+j1071.84
2025-01-01 13:58:00.02 PST,3210+j1055.08
2025-01-01 13:59:00.02 PST,3940+j1295.02
2025-01-01 14:00:00.02 PST,5750+j1889.93
2025-01-01 14:01:00.02 PST,3264+j1072.82
2025-01-01 14:02:00.02 PST,5857+j1925.1
2025-01-01 14:03:00.02 PST,4310+j1416.63
2025-01-01 14:04:00.02 PST,2224+j730.993
2025-01-01 14:05:00.02 PST,2198+j722.448
2025-01-01 14:06:00.02 PST,2294+j754.001
2025-01-01 14:07:00.02 PST,2299+j755.645
2025-01-01 14:08:00.02 PST,3174+j1043.24
2025-01-01 14:09:00.02 PST,3270+j1074.8
2025-01-01 14:10:00.02 PST,5006+j1645.39
2025-01-01 14:11:00.02 PST,5004+j1644.74
2025-01-01 14:12:00.02 PST,3262+j1072.17
2025-01-01 14:13:00.02 PST,3170+j1041.93
2025-01-01 14:14:00.02 PST,3286+j1080.06
2025-01-01 14:15:00.02 PST,3212+j1055.73
2025-01-01 14:16:00.02 PST,3180+j1045.21
2025-01-01 14:17:00.02 PST,3200+j1051.79
2025-01-01 14:18:00.02 PST,3299+j1084.33
2025-01-01 14:19:00.02 PST,3148+j1034.7
2025-01-01 14:20:00.02 PST,3208+j1054.42
2025-01-01 14:21:00.02 PST,3209+j1054.75
2025-01-01 14:22:00.02 PST,3188+j1047.85
2025-01-01 14:23:00.02 PST,3188+j1047.85
2025-01-01 14:24:00.02 PST,3188+j1047.85
2025-01-01 14:25:00.02 PST,3178+j1044.56
2025-01-01 14:26:00.02 PST,3177+j1044.23
2025-01-01 14:27:00.02 PST,3171+j1042.26
2025-01-01 14:28:00.02 PST,3145+j1033.71
2025-01-01 14:29:00.02 PST,3139+j1031.74
2025-01-01 14:30:00.02 PST,3133+j1029.77
2025-01-01 14:31:00.02 PST,4826+j1586.23
2025-01-01 14:32:00.02 PST,4825+j1585.9
2025-01-01 14:33:00.02 PST,4833+j1588.53
2025-01-01 14:34:00.02 PST,4777+j1570.12
2025-01-01 14:35:00.02 PST,4772+j1568.48
2025-01-01 14:36:00.02 PST,4776+j1569.8
2025-01-01 14:37:00.02 PST,4782+j1571.77
2025-01-01 14:38:00.02 PST,4778+j1570.45
2025-01-01 14:39:00.02 PST,4757+j1563.55
2025-01-01 14:40:00.02 PST,4526+j1487.62
2025-01-01 14:41:00.02 PST,4525+j1487.3
2025-01-01 14:42:00.02 PST,4534+j1490.25
2025-01-01 14:43:00.02 PST,4493+j1476.78
2025-01-01 14:44:00.02 PST,4531+j1489.27
2025-01-01 14:45:00.02 PST,4530+j1488.94
2025-01-01 14:46:00.02 PST,3829+j1258.53
2025-01-01 14:47:00.02 PST,3828+j1258.2
2025-01-01 14:48:00.02 PST,3817+j1254.59
2025-01-01 14:49:00.02 PST,3826+j1257.54
2025-01-01 14:50:00.02 PST,2085+j685.306
2025-01-01 14:51:00.02 PST,5164+j1697.33
2025-01-01 14:52:00.02 PST,4073+j1338.73
2025-01-01 14:53:00.02 PST,4162+j1367.98
2025-01-01 14:54:00.02 PST,4251+j1397.24
2025-01-01 14:55:00.02 PST,4160+j1367.33
2025-01-01 14:56:00.02 PST,4169+j1370.28
2025-01-01 14:57:00.02 PST,4257+j1399.21
2025-01-01 14:58:00.02 PST,4256+j1398.88
2025-01-01 14:59:00.02 PST,4254+j1398.22
2025-01-01 15:00:00.02 PST,4262+j1400.85
2025-01-01 15:01:00.02 PST,4261+j1400.52
2025-01-01 15:02:00.02 PST,4248+j1396.25
2025-01-01 15:03:00.02 PST,4157+j1366.34
2025-01-01 15:04:00.02 PST,4251+j1397.24
2025-01-01 15:05:00.02 PST,1544+j507.488
2025-01-01 15:06:00.02 PST,1539+j505.845
2025-01-01 15:07:00.02 PST,1534+j504.201
2025-01-01 15:08:00.02 PST,1530+j502.887
2025-01-01 15:09:00.02 PST,3186+j1047.19
2025-01-01 15:10:00.02 PST,1622+j533.126
2025-01-01 15:11:00.02 PST,1613+j530.167
2025-01-01 15:12:00.02 PST,1614+j530.496
2025-01-01 15:13:00.02 PST,1904+j625.815
2025-01-01 15:14:00.02 PST,1914+j629.101
2025-01-01 15:15:00.02 PST,1814+j596.233
2025-01-01 15:16:00.02 PST,1915+j629.43
2025-01-01 15:17:00.02 PST,1806+j593.603
2025-01-01 15:18:00.02 PST,1907+j626.801
2025-01-01 15:19:00.02 PST,1808+j594.261
2025-01-01 15:20:00.02 PST,1908+j627.129
2025-01-01 15:21:00.02 PST,1788+j587.687
2025-01-01 15:22:00.02 PST,1787+j587.358
2025-01-01 15:23:00.02 PST,1688+j554.819
2025-01-01 15:24:00.02 PST,1758+j577.827
2025-01-01 15:25:00.02 PST,1859+j611.024
2025-01-01 15:26:00.02 PST,1760+j578.484
2025-01-01 15:27:00.02 PST,1766+j580.456
2025-01-01 15:28:00.02 PST,1776+j583.743
2025-01-01 15:29:00.02 PST,1916+j629.759
2025-01-01 15:30:00.02 PST,2786+j915.714
2025-01-01 15:31:00.02 PST,2956+j971.59
2025-01-01 15:32:00.02 PST,2860+j940.037
2025-01-01 15:33:00.02 PST,2845+j935.106
2025-01-01 15:34:00.02 PST,2810+j923.602
2025-01-01 15:35:00.02 PST,2820+j926.889
2025-01-01 15:36:00.02 PST,2800+j920.315
2025-01-01 15:37:00.02 PST,2771+j910.784
2025-01-01 15:38:00.02 PST,2670+j877.587
2025-01-01 15:39:00.02 PST,2690+j884.16
2025-01-01 15:40:00.02 PST,2779+j913.413
2025-01-01 15:41:00.02 PST,2778+j913.084
2025-01-01 15:42:00.02 PST,2796+j919.001
2025-01-01 15:43:00.02 PST,2894+j951.212
2025-01-01 15:44:00.02 PST,3522+j1157.62
2025-01-01 15:45:00.02 PST,3040+j999.2
2025-01-01 15:46:00.02 PST,3068+j1008.4
2025-01-01 15:47:00.02 PST,3086+j1014.32
2025-01-01 15:48:00.02 PST,3248+j1067.57
2025-01-01 15:49:00.02 PST,3249+j1067.89
2025-01-01 15:50:00.02 PST,3180+j1045.21
2025-01-01 15:51:00.02 PST,3170+j1041.93
2025-01-01 15:52:00.02 PST,3178+j1044.56
2025-01-01 15:53:00.02 PST,3804+j1250.31
2025-01-01 15:54:00.02 PST,3401+j1117.86
2025-01-01 15:55:00.02 PST,3428+j1126.73
2025-01-01 15:56:00.02 PST,3967+j1303.89
2025-01-01 15:57:00.02 PST,3886+j1277.27
2025-01-01 15:58:00.02 PST,3857+j1267.74
2025-01-01 15:59:00.02 PST,3818+j1254.92
2025-01-01 16:00:00.02 PST,3078+j1011.69
2025-01-01 16:01:00.02 PST,3278+j1077.43
2025-01-01 16:02:00.02 PST,3159+j1038.31
2025-01-01 16:03:00.02 PST,3159+j1038.31
2025-01-01 16:04:00.02 PST,3059+j1005.44
2025-01-01 16:05:00.02 PST,2969+j975.863
2025-01-01 16:06:00.02 PST,2970+j976.192
2025-01-01 16:07:00.02 PST,2954+j970.933
2025-01-01 16:08:00.02 PST,2958+j972.248
2025-01-01 16:09:00.02 PST,2842+j934.12
2025-01-01 16:10:00.02 PST,2836+j932.148
2025-01-01 16:11:00.02 PST,2830+j930.176
2025-01-01 16:12:00.02 PST,3161+j1038.97
2025-01-01 16:13:00.02 PST,3060+j1005.77
2025-01-01 16:14:00.02 PST,3040+j999.2
2025-01-01 16:15:00.02 PST,3539+j1163.21
2025-01-01 16:16:00.02 PST,3619+j1189.51
2025-01-01 16:17:00.02 PST,3720+j1222.7
2025-01-01 16:18:00.02 PST,3788+j1245.06
2025-01-01 16:19:00.02 PST,3755+j1234.21
2025-01-01 16:20:00.02 PST,3832+j1259.52
2025-01-01 16:21:00.02 PST,3898+j1281.21
2025-01-01 16:22:00.02 PST,3928+j1291.07
2025-01-01 16:23:00.02 PST,3841+j1262.48
2025-01-01 16:24:00.02 PST,3664+j1204.3
2025-01-01 16:25:00.02 PST,3586+j1178.66
2025-01-01 16:26:00.02 PST,3501+j1150.72
2025-01-01 16:27:00.02 PST,3568+j1172.74
2025-01-01 16:28:00.02 PST,3689+j1212.52
2025-01-01 16:29:00.02 PST,2960+j972.905
2025-01-01 16:30:00.02 PST,2950+j969.618
2025-01-01 16:31:00.02 PST,2960+j972.905
2025-01-01 16:32:00.02 PST,2951+j969.947
2025-01-01 16:33:00.02 PST,2942+j966.989
2025-01-01 16:34:00.02 PST,3042+j999.857
2025-01-01 16:35:00.02 PST,5343+j1756.16
2025-01-01 16:36:00.02 PST,6131+j2015.16
2025-01-01 16:37:00.02 PST,6319+j2076.95
2025-01-01 16:38:00.02 PST,6366+j2092.4
2025-01-01 16:39:00.02 PST,6944+j2282.38
2025-01-01 16:40:00.02 PST,7011+j2304.4
2025-01-01 16:41:00.02 PST,6616+j2174.57
2025-01-01 16:42:00.02 PST,8370+j2751.09
2025-01-01 16:43:00.02 PST,8308+j2730.71
2025-01-01 16:44:00.02 PST,8276+j2720.19
2025-01-01 16:45:00.02 PST,8804+j2893.74
2025-01-01 16:46:00.02 PST,8846+j2907.54
2025-01-01 16:47:00.02 PST,8750+j2875.99
2025-01-01 16:48:00.02 PST,8745+j2874.34
2025-01-01 16:49:00.02 PST,8770+j2882.56
2025-01-01 16:50:00.02 PST,8674+j2851.01
2025-01-01 16:51:00.02 PST,8685+j2854.62
2025-01-01 16:52:00.02 PST,8710+j2862.84
2025-01-01 16:53:00.02 PST,9149+j3007.13
2025-01-01 16:54:00.02 PST,9318+j3062.68
2025-01-01 16:55:00.02 PST,7776+j2555.85
2025-01-01 16:56:00.02 PST,8030+j2639.33
2025-01-01 16:57:00.02 PST,6444+j2118.04
2025-01-01 16:58:00.02 PST,6442+j2117.38
2025-01-01 16:59:00.02 PST,6370+j2093.72
2025-01-01 17:00:00.02 PST,4228+j1389.68
2025-01-01 17:01:00.02 PST,6339+j2083.53
2025-01-01 17:02:00.02 PST,6454+j2121.33
2025-01-01 17:03:00.02 PST,6657+j2188.05
2025-01-01 17:04:00.02 PST,8170+j2685.35
2025-01-01 17:05:00.02 PST,7892+j2593.97
2025-01-01 17:06:00.02 PST,8030+j2639.33
2025-01-01 17:07:00.02 PST,7870+j2586.74
2025-01-01 17:08:00.02 PST,5391+j1771.94
2025-01-01 17:09:00.02 PST,7511+j2468.75
2025-01-01 17:10:00.02 PST,4982+j1637.5
2025-01-01 17:11:00.02 PST,6995+j2299.15
2025-01-01 17:12:00.02 PST,4568+j1501.43
2025-01-01 17:13:00.02 PST,6757+j2220.92
2025-01-01 17:14:00.02 PST,6796+j2233.74
2025-01-01 17:15:00.02 PST,6796+j2233.74
2025-01-01 17:16:00.02 PST,6815+j2239.98
2025-01-01 17:17:00.02 PST,6904+j2269.24
2025-01-01 17:18:00.02 PST,7084+j2328.4
2025-01-01 17:19:00.02 PST,4933+j1621.4
2025-01-01 17:20:00.02 PST,7372+j2423.06
2025-01-01 17:21:00.02 PST,5329+j1751.56
2025-01-01 17:22:00.02 PST,5546+j1822.88
2025-01-01 17:23:00.02 PST,5640+j1853.78
2025-01-01 17:24:00.02 PST,7844+j2578.2
2025-01-01 17:25:00.02 PST,5528+j1816.97
2025-01-01 17:26:00.02 PST,7809+j2566.69
2025-01-01 17:27:00.02 PST,5550+j1824.2
2025-01-01 17:28:00.02 PST,7660+j2517.72
2025-01-01 17:29:00.02 PST,5309+j1744.98
2025-01-01 17:30:00.02 PST,7458+j2451.33
2025-01-01 17:31:00.02 PST,7293+j2397.09
2025-01-01 17:32:00.02 PST,4788+j1573.74
2025-01-01 17:33:00.02 PST,7300+j2399.39
2025-01-01 17:34:00.02 PST,5142+j1690.09
2025-01-01 17:35:00.02 PST,7474+j2456.59
2025-01-01 17:36:00.02 PST,5127+j1685.16
2025-01-01 17:37:00.02 PST,7450+j2448.7
2025-01-01 17:38:00.02 PST,4961+j1630.6
2025-01-01 17:39:00.02 PST,7122+j2340.89
2025-01-01 17:40:00.02 PST,6972+j2291.59
2025-01-01 17:41:00.02 PST,4379+j1439.31
2025-01-01 17:42:00.02 PST,6616+j2174.57
2025-01-01 17:43:00.02 PST,4342+j1427.15
2025-01-01 17:44:00.02 PST,6569+j2159.13
2025-01-01 17:45:00.02 PST,6316+j2075.97
2025-01-01 17:46:00.02 PST,6324+j2078.6
2025-01-01 17:47:00.02 PST,5822+j1913.6
2025-01-01 17:48:00.02 PST,3553+j1167.82
2025-01-01 17:49:00.02 PST,5904+j1940.55
2025-01-01 17:50:00.02 PST,3716+j1221.39
2025-01-01 17:51:00.02 PST,6083+j1999.38
2025-01-01 17:52:00.02 PST,3830+j1258.86
2025-01-01 17:53:00.02 PST,6074+j1996.43
2025-01-01 17:54:00.02 PST,4728+j1554.02
2025-01-01 17:55:00.02 PST,6822+j2242.28
2025-01-01 17:56:00.02 PST,4774+j1569.14
2025-01-01 17:57:00.02 PST,6915+j2272.85
2025-01-01 17:58:00.02 PST,6164+j2026.01
2025-01-01 17:59:00.02 PST,6844+j2249.51
2025-01-01 18:00:00.02 PST,6838+j2247.54
2025-01-01 18:01:00.02 PST,6608+j2171.95
2025-01-01 18:02:00.02 PST,4284+j1408.08
2025-01-01 18:03:00.02 PST,5573+j1831.76
2025-01-01 18:04:00.02 PST,4521+j1485.98
2025-01-01 18:05:00.02 PST,5309+j1744.98
2025-01-01 18:06:00.02 PST,5469+j1797.57
2025-01-01 18:07:00.02 PST,5470+j1797.9
2025-01-01 18:08:00.02 PST,3320+j1091.23
2025-01-01 18:09:00.02 PST,5448+j1790.67
2025-01-01 18:10:00.02 PST,3246+j1066.91
2025-01-01 18:11:00.02 PST,5367+j1764.05
2025-01-01 18:12:00.02 PST,3597+j1182.28
2025-01-01 18:13:00.02 PST,5776+j1898.48
2025-01-01 18:14:00.02 PST,3541+j1163.87
2025-01-01 18:15:00.02 PST,5785+j1901.44
2025-01-01 18:16:00.02 PST,3406+j1119.5
2025-01-01 18:17:00.02 PST,5687+j1869.23
2025-01-01 18:18:00.02 PST,5857+j1925.1
2025-01-01 18:19:00.02 PST,5799+j1906.04
2025-01-01 18:20:00.02 PST,5722+j1880.73
2025-01-01 18:21:00.02 PST,3443+j1131.66
2025-01-01 18:22:00.02 PST,5655+j1858.71
2025-01-01 18:23:00.02 PST,3556+j1168.8
2025-01-01 18:24:00.02 PST,5858+j1925.43
2025-01-01 18:25:00.02 PST,3404+j1118.84
2025-01-01 18:26:00.02 PST,5680+j1866.93
2025-01-01 18:27:00.02 PST,3406+j1119.5
2025-01-01 18:28:00.02 PST,6302+j2071.37
2025-01-01 18:29:00.02 PST,5816+j1911.63
2025-01-01 18:30:00.02 PST,7897+j2595.62
2025-01-01 18:31:00.02 PST,8087+j2658.07
2025-01-01 18:32:00.02 PST,5636+j1852.46
2025-01-01 18:33:00.02 PST,7096+j2332.34
2025-01-01 18:34:00.02 PST,4773+j1568.81
2025-01-01 18:35:00.02 PST,9570+j3145.51
2025-01-01 18:36:00.02 PST,7974+j2620.93
2025-01-01 18:37:00.02 PST,7107+j2335.96
2025-01-01 18:38:00.02 PST,7140+j2346.8
2025-01-01 18:39:00.02 PST,6915+j2272.85
2025-01-01 18:40:00.02 PST,8550+j2810.25
2025-01-01 18:41:00.02 PST,8602+j2827.34
2025-01-01 18:42:00.02 PST,8483+j2788.23
2025-01-01 18:43:00.02 PST,8574+j2818.14
2025-01-01 18:44:00.02 PST,8478+j2786.58
2025-01-01 18:45:00.02 PST,8492+j2791.18
2025-01-01 18:46:00.02 PST,8570+j2816.82
2025-01-01 18:47:00.02 PST,5878+j1932
2025-01-01 18:48:00.02 PST,5656+j1859.04
2025-01-01 18:49:00.02 PST,5694+j1871.53
2025-01-01 18:50:00.02 PST,8390.57+j2757.85
2025-01-01 18:51:00.02 PST,8160.14+j2682.11
2025-01-01 18:52:00.02 PST,8009.71+j2632.67
2025-01-01 18:53:00.02 PST,7928.29+j2605.9
2025-01-01 18:54:00.02 PST,7780.86+j2557.44
2025-01-01 18:55:00.02 PST,7663.43+j2518.85
2025-01-01 18:56:00.02 PST,7588+j2494.05
2025-01-01 18:57:00.02 PST,5102.57+j1677.13
2025-01-01 18:58:00.02 PST,5047.14+j1658.92
2025-01-01 18:59:00.02 PST,5126.71+j1685.07
2025-01-01 19:00:00.02 PST,5136.29+j1688.22
2025-01-01 19:01:00.02 PST,5006.86+j1645.67
2025-01-01 19:02:00.02 PST,4957.43+j1629.43
2025-01-01 19:03:00.02 PST,4648+j1527.72
2025-01-01 19:04:00.02 PST,4540+j1492.23
2025-01-01 19:05:00.02 PST,4575+j1503.73
2025-01-01 19:06:00.02 PST,4645+j1526.74
2025-01-01 19:07:00.02 PST,4706+j1546.79
2025-01-01 19:08:00.02 PST,4637+j1524.11
2025-01-01 19:09:00.02 PST,4645+j1526.74
2025-01-01 19:10:00.02 PST,4698+j1544.16
2025-01-01 19:11:00.02 PST,4626+j1520.49
2025-01-01 19:12:00.02 PST,4593+j1509.65
2025-01-01 19:13:00.02 PST,4510+j1482.37
2025-01-01 19:14:00.02 PST,3950+j1298.3
2025-01-01 19:15:00.02 PST,3852+j1266.09
2025-01-01 19:16:00.02 PST,3924+j1289.76
2025-01-01 19:17:00.02 PST,3957+j1300.6
2025-01-01 19:18:00.02 PST,3890+j1278.58
2025-01-01 19:19:00.02 PST,3966+j1303.56
2025-01-01 19:20:00.02 PST,3832+j1259.52
2025-01-01 19:21:00.02 PST,4327+j1422.22
2025-01-01 19:22:00.02 PST,4262+j1400.85
2025-01-01 19:23:00.02 PST,4366+j1435.04
2025-01-01 19:24:00.02 PST,4356+j1431.75
2025-01-01 19:25:00.02 PST,3858+j1268.06
2025-01-01 19:26:00.02 PST,4502+j1479.74
2025-01-01 19:27:00.02 PST,4747+j1560.26
2025-01-01 19:28:00.02 PST,4802+j1578.34
2025-01-01 19:29:00.02 PST,5638+j1853.12
2025-01-01 19:30:00.02 PST,3878+j1274.64
2025-01-01 19:31:00.02 PST,3850+j1265.43
2025-01-01 19:32:00.02 PST,3963+j1302.58
2025-01-01 19:33:00.02 PST,3635+j1194.77
2025-01-01 19:34:00.02 PST,7907+j2598.9
2025-01-01 19:35:00.02 PST,7878+j2589.37
2025-01-01 19:36:00.02 PST,8021+j2636.38
2025-01-01 19:37:00.02 PST,8354+j2745.83
2025-01-01 19:38:00.02 PST,8256+j2713.62
2025-01-01 19:39:00.02 PST,8718+j2865.47
2025-01-01 19:40:00.02 PST,8660+j2846.4
2025-01-01 19:41:00.02 PST,8626+j2835.23
2025-01-01 19:42:00.02 PST,8592+j2824.05
2025-01-01 19:43:00.02 PST,8558+j2812.88
2025-01-01 19:44:00.02 PST,8456+j2779.35
2025-01-01 19:45:00.02 PST,5723+j1881.06
2025-01-01 19:46:00.02 PST,4931+j1620.74
2025-01-01 19:47:00.02 PST,4979+j1636.52
2025-01-01 19:48:00.02 PST,4997+j1642.43
2025-01-01 19:49:00.02 PST,5004+j1644.74
2025-01-01 19:50:00.02 PST,5020+j1649.99
2025-01-01 19:51:00.02 PST,5031+j1653.61
2025-01-01 19:52:00.02 PST,5132+j1686.81
2025-01-01 19:53:00.02 PST,4932+j1621.07
2025-01-01 19:54:00.02 PST,4892+j1607.92
2025-01-01 19:55:00.02 PST,4911+j1614.17
2025-01-01 19:56:00.02 PST,5160+j1696.01
2025-01-01 19:57:00.02 PST,5098+j1675.63
2025-01-01 19:58:00.02 PST,2967+j975.206
2025-01-01 19:59:00.02 PST,3076+j1011.03
2025-01-01 20:00:00.02 PST,3114+j1023.52
2025-01-01 20:01:00.02 PST,2982+j980.136
2025-01-01 20:02:00.02 PST,3259+j1071.18
2025-01-01 20:03:00.02 PST,3026+j994.598
2025-01-01 20:04:00.02 PST,2952+j970.275
2025-01-01 20:05:00.02 PST,3038+j998.542
2025-01-01 20:06:00.02 PST,5940+j1952.38
2025-01-01 20:07:00.02 PST,6441+j2117.05
2025-01-01 20:08:00.02 PST,6552+j2153.54
2025-01-01 20:09:00.02 PST,6462+j2123.96
2025-01-01 20:10:00.02 PST,6292+j2068.08
2025-01-01 20:11:00.02 PST,6348+j2086.49
2025-01-01 20:12:00.02 PST,3984+j1309.48
2025-01-01 20:13:00.02 PST,4060+j1334.46
2025-01-01 20:14:00.02 PST,4046+j1329.86
2025-01-01 20:15:00.02 PST,3968+j1304.22
2025-01-01 20:16:00.02 PST,4059+j1334.13
2025-01-01 20:17:00.02 PST,3850+j1265.43
2025-01-01 20:18:00.02 PST,3830+j1258.86
2025-01-01 20:19:00.02 PST,3791+j1246.04
2025-01-01 20:20:00.02 PST,3800+j1249
2025-01-01 20:21:00.02 PST,3814+j1253.6
2025-01-01 20:22:00.02 PST,3798+j1248.34
2025-01-01 20:23:00.02 PST,3812+j1252.94
2025-01-01 20:24:00.02 PST,3816+j1254.26
2025-01-01 20:25:00.02 PST,3803+j1249.99
2025-01-01 20:26:00.02 PST,3738+j1228.62
2025-01-01 20:27:00.02 PST,3864+j1270.04
2025-01-01 20:28:00.02 PST,3899+j1281.54
2025-01-01 20:29:00.02 PST,6674+j2193.64
2025-01-01 20:30:00.02 PST,5612+j1844.58
2025-01-01 20:31:00.02 PST,5551+j1824.52
2025-01-01 20:32:00.02 PST,5660+j1860.35
2025-01-01 20:33:00.02 PST,5700+j1873.5
2025-01-01 20:34:00.02 PST,5389+j1771.28
2025-01-01 20:35:00.02 PST,5453+j1792.31
2025-01-01 20:36:00.02 PST,5561+j1827.81
2025-01-01 20:37:00.02 PST,5670+j1863.64
2025-01-01 20:38:00.02 PST,7253+j2383.95
2025-01-01 20:39:00.02 PST,7467+j2454.28
2025-01-01 20:40:00.02 PST,7290+j2396.11
2025-01-01 20:41:00.02 PST,6928+j2277.12
2025-01-01 20:42:00.02 PST,8435+j2772.45
2025-01-01 20:43:00.02 PST,5212+j1713.1
2025-01-01 20:44:00.02 PST,5130+j1686.15
2025-01-01 20:45:00.02 PST,5197+j1708.17
2025-01-01 20:46:00.02 PST,2721+j894.349
2025-01-01 20:47:00.02 PST,2735+j898.951
2025-01-01 20:48:00.02 PST,2699+j887.118
2025-01-01 20:49:00.02 PST,2803+j921.302
2025-01-01 20:50:00.02 PST,2717+j893.035
2025-01-01 20:51:00.02 PST,2824+j928.204
2025-01-01 20:52:00.02 PST,2690+j884.16
2025-01-01 20:53:00.02 PST,2637+j866.74
2025-01-01 20:54:00.02 PST,2614+j859.18
2025-01-01 20:55:00.02 PST,2630+j864.439
2025-01-01 20:56:00.02 PST,2619+j860.824
2025-01-01 20:57:00.02 PST,4378+j1438.98
2025-01-01 20:58:00.02 PST,4346+j1428.46
2025-01-01 20:59:00.02 PST,4505+j1480.72
2025-01-01 21:00:00.02 PST,4504+j1480.39
2025-01-01 21:01:00.02 PST,4507+j1481.38
2025-01-01 21:02:00.02 PST,4410+j1449.5
2025-01-01 21:03:00.02 PST,4464+j1467.25
2025-01-01 21:04:00.02 PST,4587+j1507.67
2025-01-01 21:05:00.02 PST,4910+j1613.84
2025-01-01 21:06:00.02 PST,4610+j1515.23
2025-01-01 21:07:00.02 PST,4549+j1495.18
2025-01-01 21:08:00.02 PST,5803+j1907.35
2025-01-01 21:09:00.02 PST,5588+j1836.69
2025-01-01 21:10:00.02 PST,2277+j748.414
2025-01-01 21:11:00.02 PST,2830+j930.176
2025-01-01 21:12:00.02 PST,2804+j921.63
2025-01-01 21:13:00.02 PST,2877+j945.624
2025-01-01 21:14:00.02 PST,2750+j903.881
2025-01-01 21:15:00.02 PST,2194+j721.133
2025-01-01 21:16:00.02 PST,3598+j1182.61
2025-01-01 21:17:00.02 PST,3702+j1216.79
2025-01-01 21:18:00.02 PST,3606+j1185.24
2025-01-01 21:19:00.02 PST,4340+j1426.49
2025-01-01 21:20:00.02 PST,3634+j1194.44
2025-01-01 21:21:00.02 PST,3342+j1098.46
2025-01-01 21:22:00.02 PST,5360+j1761.75
2025-01-01 21:23:00.02 PST,5358+j1761.09
2025-01-01 21:24:00.02 PST,3476+j1142.51
2025-01-01 21:25:00.02 PST,3484+j1145.13
2025-01-01 21:26:00.02 PST,3478+j1143.16
2025-01-01 21:27:00.02 PST,3163+j1039.63
2025-01-01 21:28:00.02 PST,3138+j1031.41
2025-01-01 21:29:00.02 PST,3122+j1026.15
2025-01-01 21:30:00.02 PST,3117+j1024.51
2025-01-01 21:31:00.02 PST,3097+j1017.94
2025-01-01 21:32:00.02 PST,3127+j1027.8
2025-01-01 21:33:00.02 PST,3127+j1027.8
2025-01-01 21:34:00.02 PST,3127+j1027.8
2025-01-01 21:35:00.02 PST,3137+j1031.08
2025-01-01 21:36:00.02 PST,3114+j1023.52
2025-01-01 21:37:00.02 PST,3122+j1026.15
2025-01-01 21:38:00.02 PST,3159+j1038.31
2025-01-01 21:39:00.02 PST,3316+j1089.92
2025-01-01 21:40:00.02 PST,3334+j1095.83
2025-01-01 21:41:00.02 PST,3214+j1056.39
2025-01-01 21:42:00.02 PST,7095+j2332.01
2025-01-01 21:43:00.02 PST,7036+j2312.62
2025-01-01 21:44:00.02 PST,7006+j2302.76
2025-01-01 21:45:00.02 PST,6987+j2296.52
2025-01-01 21:46:00.02 PST,7121+j2340.56
2025-01-01 21:47:00.02 PST,7145+j2348.45
2025-01-01 21:48:00.02 PST,5109+j1679.25
2025-01-01 21:49:00.02 PST,5073+j1667.41
2025-01-01 21:50:00.02 PST,4907+j1612.85
2025-01-01 21:51:00.02 PST,4965+j1631.92
2025-01-01 21:52:00.02 PST,4873+j1601.68
2025-01-01 21:53:00.02 PST,6761+j2222.23
2025-01-01 21:54:00.02 PST,4859+j1597.08
2025-01-01 21:55:00.02 PST,4037+j1326.9
2025-01-01 21:56:00.02 PST,4026+j1323.28
2025-01-01 21:57:00.02 PST,4344+j1427.8
2025-01-01 21:58:00.02 PST,4023+j1322.3
2025-01-01 21:59:00.02 PST,4132+j1358.12
2025-01-01 22:00:00.02 PST,4050+j1331.17
2025-01-01 22:01:00.02 PST,2237+j735.266
2025-01-01 22:02:00.02 PST,2204+j724.42
2025-01-01 22:03:00.02 PST,2240+j736.252
2025-01-01 22:04:00.02 PST,2207+j725.406
2025-01-01 22:05:00.02 PST,2294+j754.001
2025-01-01 22:06:00.02 PST,2218+j729.021
2025-01-01 22:07:00.02 PST,2213+j727.378
2025-01-01 22:08:00.02 PST,2198+j722.448
2025-01-01 22:09:00.02 PST,2172+j713.902
2025-01-01 22:10:00.02 PST,2157+j708.972
2025-01-01 22:11:00.02 PST,2189+j719.49
2025-01-01 22:12:00.02 PST,2381+j782.597
2025-01-01 22:13:00.02 PST,4233+j1391.32
2025-01-01 22:14:00.02 PST,4235+j1391.98
2025-01-01 22:15:00.02 PST,4257+j1399.21
2025-01-01 22:16:00.02 PST,4238+j1392.96
2025-01-01 22:17:00.02 PST,4200+j1380.47
2025-01-01 22:18:00.02 PST,4221+j1387.38
2025-01-01 22:19:00.02 PST,4212+j1384.42
2025-01-01 22:20:00.02 PST,4204+j1381.79
2025-01-01 22:21:00.02 PST,4264+j1401.51
2025-01-01 22:22:00.02 PST,4254+j1398.22
2025-01-01 22:23:00.02 PST,4284+j1408.08
2025-01-01 22:24:00.02 PST,4174+j1371.93
2025-01-01 22:25:00.02 PST,4304+j1414.66
2025-01-01 22:26:00.02 PST,4234+j1391.65
2025-01-01 22:27:00.02 PST,4175+j1372.26
2025-01-01 22:28:00.02 PST,4196+j1379.16
2025-01-01 22:29:00.02 PST,4366+j1435.04
2025-01-01 22:30:00.02 PST,4287+j1409.07
2025-01-01 22:31:00.02 PST,4317+j1418.93
2025-01-01 22:32:00.02 PST,3337+j1096.82
2025-01-01 22:33:00.02 PST,3427+j1126.4
2025-01-01 22:34:00.02 PST,3317+j1090.24
2025-01-01 22:35:00.02 PST,3317+j1090.24
2025-01-01 22:36:00.02 PST,3372+j1108.32
2025-01-01 22:37:00.02 PST,3378+j1110.3
2025-01-01 22:38:00.02 PST,3263+j1072.5
2025-01-01 22:39:00.02 PST,3518+j1156.31
2025-01-01 22:40:00.02 PST,3704+j1217.45
2025-01-01 22:41:00.02 PST,3910+j1285.15
2025-01-01 22:42:00.02 PST,3896+j1280.55
2025-01-01 22:43:00.02 PST,3882+j1275.95
2025-01-01 22:44:00.02 PST,3838+j1261.49
2025-01-01 22:45:00.02 PST,3734+j1227.31
2025-01-01 22:46:00.02 PST,3846+j1264.12
2025-01-01 22:47:00.02 PST,3768+j1238.48
2025-01-01 22:48:00.02 PST,3870+j1272.01
2025-01-01 22:49:00.02 PST,3712+j1220.08
2025-01-01 22:50:00.02 PST,3614+j1187.86
2025-01-01 22:51:00.02 PST,4010+j1318.02
2025-01-01 22:52:00.02 PST,4025+j1322.95
2025-01-01 22:53:00.02 PST,3791+j1246.04
2025-01-01 22:54:00.02 PST,3786+j1244.4
2025-01-01 22:55:00.02 PST,3782+j1243.08
2025-01-01 22:56:00.02 PST,3779+j1242.1
2025-01-01 22:57:00.02 PST,3676+j1208.24
2025-01-01 22:58:00.02 PST,3660+j1202.98
2025-01-01 22:59:00.02 PST,3763+j1236.84
2025-01-01 23:00:00.02 PST,3686+j1211.53
2025-01-01 23:01:00.02 PST,3780+j1242.43
2025-01-01 23:02:00.02 PST,3783+j1243.41
2025-01-01 23:03:00.02 PST,3741+j1229.61
2025-01-01 23:04:00.02 PST,3709+j1219.09
2025-01-01 23:05:00.02 PST,3447+j1132.97
2025-01-01 23:06:00.02 PST,3557+j1169.13
2025-01-01 23:07:00.02 PST,3557+j1169.13
2025-01-01 23:08:00.02 PST,3562+j1170.77
2025-01-01 23:09:00.02 PST,2758+j906.511
2025-01-01 23:10:00.02 PST,2753+j904.867
2025-01-01 23:11:00.02 PST,2834+j931.491
2025-01-01 23:12:00.02 PST,2826+j928.861
2025-01-01 23:13:00.02 PST,2826+j928.861
2025-01-01 23:14:00.02 PST,2957+j971.919
2025-01-01 23:15:00.02 PST,2928+j962.387
2025-01-01 23:16:00.02 PST,2922+j960.415
2025-01-01 23:17:00.02 PST,2817+j925.903
2025-01-01 23:18:00.02 PST,2916+j958.443
2025-01-01 23:19:00.02 PST,2916+j958.443
2025-01-01 23:20:00.02 PST,2815+j925.246
2025-01-01 23:21:00.02 PST,2964+j974.22
2025-01-01 23:22:00.02 PST,2942+j966.989
2025-01-01 23:23:00.02 PST,2998+j985.395
2025-01-01 23:24:00.02 PST,2993+j983.752
2025-01-01 23:25:00.02 PST,2988+j982.108
2025-01-01 23:26:00.02 PST,2995+j984.409
2025-01-01 23:27:00.02 PST,2562+j842.089
2025-01-01 23:28:00.02 PST,2562+j842.089
2025-01-01 23:29:00.02 PST,2563+j842.417
2025-01-01 23:30:00.02 PST,2564+j842.746
2025-01-01 23:31:00.02 PST,2563+j842.417
2025-01-01 23:32:00.02 PST,2562+j842.089
2025-01-01 23:33:00.02 PST,2664+j875.614
2025-01-01 23:34:00.02 PST,2665+j875.943
2025-01-01 23:35:00.02 PST,2666+j876.272
2025-01-01 23:36:00.02 PST,2478+j814.479
2025-01-01 23:37:00.02 PST,2489+j818.095
2025-01-01 23:38:00.02 PST,2472+j812.507
2025-01-01 23:39:00.02 PST,2466+j810.535
2025-01-01 23:40:00.02 PST,2469+j811.521
2025-01-01 23:41:00.02 PST,2453+j806.262
2025-01-01 23:42:00.02 PST,2467+j810.864
2025-01-01 23:43:00.02 PST,2563+j842.417
2025-01-01 23:44:00.02 PST,2579+j847.676
2025-01-01 23:45:00.02 PST,2475+j813.493
2025-01-01 23:46:00.02 PST,2488+j817.766
2025-01-01 23:47:00.02 PST,3700+j1216.13
2025-01-01 23:48:00.02 PST,3606+j1185.24
2025-01-01 23:49:00.02 PST,3612+j1187.21
2025-01-01 23:50:00.02 PST,3628+j1192.47
2025-01-01 23:51:00.02 PST,3621+j1190.16
2025-01-01 23:52:00.02 PST,3605+j1184.91
2025-01-01 23:53:00.02 PST,3589+j1179.65
2025-01-01 23:54:00.02 PST,3582+j1177.35
2025-01-01 23:55:00.02 PST,3477+j1142.84
2025-01-01 23:56:00.02 PST,3566+j1172.09
2025-01-01 23:57:00.02 PST,3316+j1089.92
2025-01-01 23:58:00.02 PST,3605+j1184.91
2025-01-01 23:59:00.02 PST,3404+j1118.84
