#timestamp,constant_power_A
2025-01-01 00:00:00.00 PST,100+j0
2025-01-01 00:01:00.00 PST,387.333+j127.31
2025-01-01 00:02:00.00 PST,389.333+j127.968
2025-01-01 00:03:00.00 PST,391.333+j128.625
2025-01-01 00:04:00.00 PST,397.333+j130.597
2025-01-01 00:05:00.00 PST,419.333+j137.828
2025-01-01 00:06:00.00 PST,441.333+j145.059
2025-01-01 00:07:00.00 PST,463.333+j152.29
2025-01-01 00:08:00.00 PST,485.333+j159.521
2025-01-01 00:09:00.00 PST,494+j162.37
2025-01-01 00:10:00.02 PST,486.667+j159.96
2025-01-01 00:11:00.02 PST,480+j157.768
2025-01-01 00:12:00.02 PST,473.333+j155.577
2025-01-01 00:13:00.02 PST,466.667+j153.386
2025-01-01 00:14:00.02 PST,469.333+j154.262
2025-01-01 00:15:00.02 PST,468+j153.824
2025-01-01 00:16:00.02 PST,465.333+j152.948
2025-01-01 00:17:00.02 PST,462.667+j152.071
2025-01-01 00:18:00.02 PST,460+j151.195
2025-01-01 00:19:00.02 PST,452+j148.565
2025-01-01 00:20:00.02 PST,446+j146.593
2025-01-01 00:21:00.02 PST,445.333+j146.374
2025-01-01 00:22:00.02 PST,444.667+j146.155
2025-01-01 00:23:00.02 PST,444+j145.936
2025-01-01 00:24:00.02 PST,444+j145.936
2025-01-01 00:25:00.02 PST,430+j141.334
2025-01-01 00:26:00.02 PST,422+j138.705
2025-01-01 00:27:00.02 PST,414+j136.075
2025-01-01 00:28:00.02 PST,406+j133.446
2025-01-01 00:29:00.02 PST,403.333+j132.569
2025-01-01 00:30:00.02 PST,414.667+j136.294
2025-01-01 00:31:00.02 PST,417.333+j137.171
2025-01-01 00:32:00.02 PST,420+j138.047
2025-01-01 00:33:00.02 PST,422.667+j138.924
2025-01-01 00:34:00.02 PST,424.667+j139.581
2025-01-01 00:35:00.02 PST,426.667+j140.239
2025-01-01 00:36:00.02 PST,404.667+j133.008
2025-01-01 00:37:00.02 PST,382.667+j125.777
2025-01-01 00:38:00.02 PST,360.667+j118.546
2025-01-01 00:39:00.02 PST,338.667+j111.314
2025-01-01 00:40:00.02 PST,316.667+j104.083
2025-01-01 00:41:00.02 PST,314+j103.207
2025-01-01 00:42:00.02 PST,311.333+j102.33
2025-01-01 00:43:00.02 PST,308.667+j101.454
2025-01-01 00:44:00.02 PST,306+j100.577
2025-01-01 00:45:00.02 PST,303.333+j99.701
2025-01-01 00:46:00.02 PST,302.667+j99.482
2025-01-01 00:47:00.02 PST,302+j99.263
2025-01-01 00:48:00.02 PST,301.333+j99.043
2025-01-01 00:49:00.02 PST,300.667+j98.824
2025-01-01 00:50:00.02 PST,300+j98.605
2025-01-01 00:51:00.02 PST,302.667+j99.482
2025-01-01 00:52:00.02 PST,305.333+j100.358
2025-01-01 00:53:00.02 PST,308+j101.235
2025-01-01 00:54:00.02 PST,310.667+j102.111
2025-01-01 00:55:00.02 PST,313.333+j102.988
2025-01-01 00:56:00.02 PST,312.667+j102.769
2025-01-01 00:57:00.02 PST,312+j102.549
2025-01-01 00:58:00.02 PST,311.333+j102.33
2025-01-01 00:59:00.02 PST,310.667+j102.111
2025-01-01 01:00:00.02 PST,310+j101.892
2025-01-01 01:01:00.02 PST,309.333+j101.673
2025-01-01 01:02:00.02 PST,308.667+j101.454
2025-01-01 01:03:00.02 PST,308+j101.235
2025-01-01 01:04:00.02 PST,307.333+j101.015
2025-01-01 01:05:00.02 PST,286.667+j94.223
2025-01-01 01:06:00.02 PST,268+j88.087
2025-01-01 01:07:00.02 PST,249.333+j81.952
2025-01-01 01:08:00.02 PST,230.667+j75.817
2025-01-01 01:09:00.02 PST,212+j69.681
2025-01-01 01:10:00.02 PST,210.667+j69.243
2025-01-01 01:11:00.02 PST,205.333+j67.49
2025-01-01 01:12:00.02 PST,200+j65.737
2025-01-01 01:13:00.02 PST,194.667+j63.984
2025-01-01 01:14:00.02 PST,189.333+j62.231
2025-01-01 01:15:00.02 PST,188.667+j62.012
2025-01-01 01:16:00.02 PST,190.667+j62.669
2025-01-01 01:17:00.02 PST,192.667+j63.327
2025-01-01 01:18:00.02 PST,194.667+j63.984
2025-01-01 01:19:00.02 PST,196.667+j64.641
2025-01-01 01:20:00.02 PST,194.667+j63.984
2025-01-01 01:21:00.02 PST,194.667+j63.984
2025-01-01 01:22:00.02 PST,194.667+j63.984
2025-01-01 01:23:00.02 PST,194.667+j63.984
2025-01-01 01:24:00.02 PST,194.667+j63.984
2025-01-01 01:25:00.02 PST,196.667+j64.641
2025-01-01 01:26:00.02 PST,196+j64.422
2025-01-01 01:27:00.02 PST,195.333+j64.203
2025-01-01 01:28:00.02 PST,194.667+j63.984
2025-01-01 01:29:00.02 PST,194+j63.765
2025-01-01 01:30:00.02 PST,206+j67.709
2025-01-01 01:31:00.02 PST,218.667+j71.872
2025-01-01 01:32:00.02 PST,231.333+j76.035
2025-01-01 01:33:00.02 PST,244+j80.199
2025-01-01 01:34:00.02 PST,256.667+j84.362
2025-01-01 01:35:00.02 PST,238+j78.227
2025-01-01 01:36:00.02 PST,218.667+j71.872
2025-01-01 01:37:00.02 PST,199.333+j65.518
2025-01-01 01:38:00.02 PST,180+j59.163
2025-01-01 01:39:00.02 PST,160.667+j52.809
2025-01-01 01:40:00.02 PST,174+j57.191
2025-01-01 01:41:00.02 PST,188+j61.793
2025-01-01 01:42:00.02 PST,202+j66.394
2025-01-01 01:43:00.02 PST,216+j70.996
2025-01-01 01:44:00.02 PST,230+j75.597
2025-01-01 01:45:00.02 PST,222+j72.968
2025-01-01 01:46:00.02 PST,214+j70.338
2025-01-01 01:47:00.02 PST,206+j67.709
2025-01-01 01:48:00.02 PST,198+j65.079
2025-01-01 01:49:00.02 PST,190+j62.45
2025-01-01 01:50:00.02 PST,204.667+j67.271
2025-01-01 01:51:00.02 PST,219.333+j72.091
2025-01-01 01:52:00.02 PST,234+j76.912
2025-01-01 01:53:00.02 PST,248.667+j81.733
2025-01-01 01:54:00.02 PST,263.333+j86.553
2025-01-01 01:55:00.02 PST,266.667+j87.649
2025-01-01 01:56:00.02 PST,270+j88.745
2025-01-01 01:57:00.02 PST,273.333+j89.84
2025-01-01 01:58:00.02 PST,276.667+j90.936
2025-01-01 01:59:00.02 PST,280+j92.032
2025-01-01 02:00:00.02 PST,293.333+j96.414
2025-01-01 02:01:00.02 PST,306+j100.577
2025-01-01 02:02:00.02 PST,318.667+j104.741
2025-01-01 02:03:00.02 PST,331.333+j108.904
2025-01-01 02:04:00.02 PST,344+j113.067
2025-01-01 02:05:00.02 PST,329.333+j108.247
2025-01-01 02:06:00.02 PST,310.667+j102.111
2025-01-01 02:07:00.02 PST,292+j95.976
2025-01-01 02:08:00.02 PST,273.333+j89.84
2025-01-01 02:09:00.02 PST,254.667+j83.705
2025-01-01 02:10:00.02 PST,262.667+j86.334
2025-01-01 02:11:00.02 PST,275.333+j90.498
2025-01-01 02:12:00.02 PST,288+j94.661
2025-01-01 02:13:00.02 PST,300.667+j98.824
2025-01-01 02:14:00.02 PST,313.333+j102.988
2025-01-01 02:15:00.02 PST,299.333+j98.386
2025-01-01 02:16:00.02 PST,286+j94.004
2025-01-01 02:17:00.02 PST,272.667+j89.621
2025-01-01 02:18:00.02 PST,259.333+j85.239
2025-01-01 02:19:00.02 PST,246+j80.856
2025-01-01 02:20:00.02 PST,260.667+j85.677
2025-01-01 02:21:00.02 PST,274+j90.059
2025-01-01 02:22:00.02 PST,287.333+j94.442
2025-01-01 02:23:00.02 PST,300.667+j98.824
2025-01-01 02:24:00.02 PST,314+j103.207
2025-01-01 02:25:00.02 PST,306.667+j100.797
2025-01-01 02:26:00.02 PST,300.667+j98.824
2025-01-01 02:27:00.02 PST,294.667+j96.852
2025-01-01 02:28:00.02 PST,288.667+j94.88
2025-01-01 02:29:00.02 PST,282.667+j92.908
2025-01-01 02:30:00.02 PST,287.333+j94.442
2025-01-01 02:31:00.02 PST,290.667+j95.538
2025-01-01 02:32:00.02 PST,294+j96.633
2025-01-01 02:33:00.02 PST,297.333+j97.729
2025-01-01 02:34:00.02 PST,300.667+j98.824
2025-01-01 02:35:00.02 PST,281.333+j92.47
2025-01-01 02:36:00.02 PST,263.333+j86.553
2025-01-01 02:37:00.02 PST,245.333+j80.637
2025-01-01 02:38:00.02 PST,227.333+j74.721
2025-01-01 02:39:00.02 PST,209.333+j68.804
2025-01-01 02:40:00.02 PST,210+j69.024
2025-01-01 02:41:00.02 PST,209.333+j68.804
2025-01-01 02:42:00.02 PST,208.667+j68.586
2025-01-01 02:43:00.02 PST,208+j68.366
2025-01-01 02:44:00.02 PST,207.333+j68.147
2025-01-01 02:45:00.02 PST,206.667+j67.928
2025-01-01 02:46:00.02 PST,206.667+j67.928
2025-01-01 02:47:00.02 PST,206.667+j67.928
2025-01-01 02:48:00.02 PST,206.667+j67.928
2025-01-01 02:49:00.02 PST,206.667+j67.928
2025-01-01 02:50:00.02 PST,206.667+j67.928
2025-01-01 02:51:00.02 PST,206.667+j67.928
2025-01-01 02:52:00.02 PST,206.667+j67.928
2025-01-01 02:53:00.02 PST,206.667+j67.928
2025-01-01 02:54:00.02 PST,206.667+j67.928
2025-01-01 02:55:00.02 PST,206.667+j67.928
2025-01-01 02:56:00.02 PST,206.667+j67.928
2025-01-01 02:57:00.02 PST,206.667+j67.928
2025-01-01 02:58:00.02 PST,206.667+j67.928
2025-01-01 02:59:00.02 PST,206.667+j67.928
2025-01-01 03:00:00.02 PST,206.667+j67.928
2025-01-01 03:01:00.02 PST,206.667+j67.928
2025-01-01 03:02:00.02 PST,206.667+j67.928
2025-01-01 03:03:00.02 PST,206.667+j67.928
2025-01-01 03:04:00.02 PST,206.667+j67.928
2025-01-01 03:05:00.02 PST,206.667+j67.928
2025-01-01 03:06:00.02 PST,206.667+j67.928
2025-01-01 03:07:00.02 PST,206.667+j67.928
2025-01-01 03:08:00.02 PST,206.667+j67.928
2025-01-01 03:09:00.02 PST,206.667+j67.928
2025-01-01 03:10:00.02 PST,206.667+j67.928
2025-01-01 03:11:00.02 PST,207.333+j68.147
2025-01-01 03:12:00.02 PST,208+j68.366
2025-01-01 03:13:00.02 PST,208.667+j68.586
2025-01-01 03:14:00.02 PST,209.333+j68.804
2025-01-01 03:15:00.02 PST,196+j64.422
2025-01-01 03:16:00.02 PST,181.333+j59.601
2025-01-01 03:17:00.02 PST,166.667+j54.781
2025-01-01 03:18:00.02 PST,152+j49.96
2025-01-01 03:19:00.02 PST,137.333+j45.139
2025-01-01 03:20:00.02 PST,152.667+j50.179
2025-01-01 03:21:00.02 PST,170+j55.876
2025-01-01 03:22:00.02 PST,187.333+j61.573
2025-01-01 03:23:00.02 PST,204.667+j67.271
2025-01-01 03:24:00.02 PST,222+j72.968
2025-01-01 03:25:00.02 PST,206.667+j67.928
2025-01-01 03:26:00.02 PST,188.667+j62.012
2025-01-01 03:27:00.02 PST,170.667+j56.096
2025-01-01 03:28:00.02 PST,152.667+j50.179
2025-01-01 03:29:00.02 PST,134.667+j44.263
2025-01-01 03:30:00.02 PST,147.333+j48.426
2025-01-01 03:31:00.02 PST,161.333+j53.028
2025-01-01 03:32:00.02 PST,175.333+j57.629
2025-01-01 03:33:00.02 PST,189.333+j62.231
2025-01-01 03:34:00.02 PST,203.333+j66.832
2025-01-01 03:35:00.02 PST,189.333+j62.231
2025-01-01 03:36:00.02 PST,181.333+j59.601
2025-01-01 03:37:00.02 PST,173.333+j56.972
2025-01-01 03:38:00.02 PST,165.333+j54.342
2025-01-01 03:39:00.02 PST,157.333+j51.713
2025-01-01 03:40:00.02 PST,177.333+j58.287
2025-01-01 03:41:00.02 PST,191.333+j62.888
2025-01-01 03:42:00.02 PST,205.333+j67.49
2025-01-01 03:43:00.02 PST,219.333+j72.091
2025-01-01 03:44:00.02 PST,233.333+j76.693
2025-01-01 03:45:00.02 PST,219.333+j72.091
2025-01-01 03:46:00.02 PST,205.333+j67.49
2025-01-01 03:47:00.02 PST,191.333+j62.888
2025-01-01 03:48:00.02 PST,177.333+j58.287
2025-01-01 03:49:00.02 PST,163.333+j53.685
2025-01-01 03:50:00.02 PST,177.333+j58.287
2025-01-01 03:51:00.02 PST,190.667+j62.669
2025-01-01 03:52:00.02 PST,204+j67.052
2025-01-01 03:53:00.02 PST,217.333+j71.434
2025-01-01 03:54:00.02 PST,230.667+j75.817
2025-01-01 03:55:00.02 PST,216.667+j71.215
2025-01-01 03:56:00.02 PST,203.333+j66.832
2025-01-01 03:57:00.02 PST,190+j62.45
2025-01-01 03:58:00.02 PST,176.667+j58.068
2025-01-01 03:59:00.02 PST,163.333+j53.685
2025-01-01 04:00:00.02 PST,185.333+j60.916
2025-01-01 04:01:00.02 PST,207.333+j68.147
2025-01-01 04:02:00.02 PST,229.333+j75.378
2025-01-01 04:03:00.02 PST,251.333+j82.609
2025-01-01 04:04:00.02 PST,273.333+j89.84
2025-01-01 04:05:00.02 PST,274.667+j90.279
2025-01-01 04:06:00.02 PST,276.667+j90.936
2025-01-01 04:07:00.02 PST,278.667+j91.593
2025-01-01 04:08:00.02 PST,280.667+j92.251
2025-01-01 04:09:00.02 PST,282.667+j92.908
2025-01-01 04:10:00.02 PST,289.333+j95.099
2025-01-01 04:11:00.02 PST,294.667+j96.852
2025-01-01 04:12:00.02 PST,300+j98.605
2025-01-01 04:13:00.02 PST,305.333+j100.358
2025-01-01 04:14:00.02 PST,310.667+j102.111
2025-01-01 04:15:00.02 PST,308.667+j101.454
2025-01-01 04:16:00.02 PST,302.667+j99.482
2025-01-01 04:17:00.02 PST,296.667+j97.51
2025-01-01 04:18:00.02 PST,290.667+j95.538
2025-01-01 04:19:00.02 PST,284.667+j93.566
2025-01-01 04:20:00.02 PST,278+j91.374
2025-01-01 04:21:00.02 PST,276+j90.717
2025-01-01 04:22:00.02 PST,274+j90.059
2025-01-01 04:23:00.02 PST,272+j89.402
2025-01-01 04:24:00.02 PST,270+j88.745
2025-01-01 04:25:00.02 PST,270+j88.745
2025-01-01 04:26:00.02 PST,270+j88.745
2025-01-01 04:27:00.02 PST,270+j88.745
2025-01-01 04:28:00.02 PST,270+j88.745
2025-01-01 04:29:00.02 PST,270+j88.745
2025-01-01 04:30:00.02 PST,270+j88.745
2025-01-01 04:31:00.02 PST,280+j92.032
2025-01-01 04:32:00.02 PST,290+j95.318
2025-01-01 04:33:00.02 PST,300+j98.605
2025-01-01 04:34:00.02 PST,310+j101.892
2025-01-01 04:35:00.02 PST,320+j105.179
2025-01-01 04:36:00.02 PST,320.667+j105.398
2025-01-01 04:37:00.02 PST,321.333+j105.617
2025-01-01 04:38:00.02 PST,322+j105.836
2025-01-01 04:39:00.02 PST,322.667+j106.056
2025-01-01 04:40:00.02 PST,306.667+j100.797
2025-01-01 04:41:00.02 PST,290+j95.318
2025-01-01 04:42:00.02 PST,273.333+j89.84
2025-01-01 04:43:00.02 PST,256.667+j84.362
2025-01-01 04:44:00.02 PST,240+j78.884
2025-01-01 04:45:00.02 PST,242+j79.542
2025-01-01 04:46:00.02 PST,232.667+j76.474
2025-01-01 04:47:00.02 PST,223.333+j73.406
2025-01-01 04:48:00.02 PST,214+j70.338
2025-01-01 04:49:00.02 PST,204.667+j67.271
2025-01-01 04:50:00.02 PST,186.667+j61.354
2025-01-01 04:51:00.02 PST,186+j61.135
2025-01-01 04:52:00.02 PST,185.333+j60.916
2025-01-01 04:53:00.02 PST,184.667+j60.697
2025-01-01 04:54:00.02 PST,184+j60.478
2025-01-01 04:55:00.02 PST,184.667+j60.697
2025-01-01 04:56:00.02 PST,180+j59.163
2025-01-01 04:57:00.02 PST,175.333+j57.629
2025-01-01 04:58:00.02 PST,170.667+j56.096
2025-01-01 04:59:00.02 PST,166+j54.562
2025-01-01 05:00:00.02 PST,167.333+j55
2025-01-01 05:01:00.02 PST,172+j56.534
2025-01-01 05:02:00.02 PST,176.667+j58.068
2025-01-01 05:03:00.02 PST,181.333+j59.601
2025-01-01 05:04:00.02 PST,186+j61.135
2025-01-01 05:05:00.02 PST,190+j62.45
2025-01-01 05:06:00.02 PST,189.333+j62.231
2025-01-01 05:07:00.02 PST,188.667+j62.012
2025-01-01 05:08:00.02 PST,188+j61.793
2025-01-01 05:09:00.02 PST,187.333+j61.573
2025-01-01 05:10:00.02 PST,186.667+j61.354
2025-01-01 05:11:00.02 PST,186.667+j61.354
2025-01-01 05:12:00.02 PST,186.667+j61.354
2025-01-01 05:13:00.02 PST,186.667+j61.354
2025-01-01 05:14:00.02 PST,186.667+j61.354
2025-01-01 05:15:00.02 PST,188.667+j62.012
2025-01-01 05:16:00.02 PST,190+j62.45
2025-01-01 05:17:00.02 PST,191.333+j62.888
2025-01-01 05:18:00.02 PST,192.667+j63.327
2025-01-01 05:19:00.02 PST,194+j63.765
2025-01-01 05:20:00.02 PST,191.333+j62.888
2025-01-01 05:21:00.02 PST,184.667+j60.697
2025-01-01 05:22:00.02 PST,178+j58.506
2025-01-01 05:23:00.02 PST,171.333+j56.314
2025-01-01 05:24:00.02 PST,164.667+j54.123
2025-01-01 05:25:00.02 PST,162+j53.247
2025-01-01 05:26:00.02 PST,160+j52.589
2025-01-01 05:27:00.02 PST,158+j51.932
2025-01-01 05:28:00.02 PST,156+j51.275
2025-01-01 05:29:00.02 PST,154+j50.617
2025-01-01 05:30:00.02 PST,150+j49.303
2025-01-01 05:31:00.02 PST,154+j50.617
2025-01-01 05:32:00.02 PST,158+j51.932
2025-01-01 05:33:00.02 PST,162+j53.247
2025-01-01 05:34:00.02 PST,166+j54.562
2025-01-01 05:35:00.02 PST,168+j55.219
2025-01-01 05:36:00.02 PST,161.333+j53.028
2025-01-01 05:37:00.02 PST,154.667+j50.837
2025-01-01 05:38:00.02 PST,148+j48.645
2025-01-01 05:39:00.02 PST,141.333+j46.454
2025-01-01 05:40:00.02 PST,138.667+j45.578
2025-01-01 05:41:00.02 PST,140.667+j46.235
2025-01-01 05:42:00.02 PST,142.667+j46.892
2025-01-01 05:43:00.02 PST,144.667+j47.55
2025-01-01 05:44:00.02 PST,146.667+j48.207
2025-01-01 05:45:00.02 PST,144.111+j47.367
2025-01-01 05:46:00.02 PST,141.556+j46.527
2025-01-01 05:47:00.02 PST,139+j45.687
2025-01-01 05:48:00.02 PST,136.444+j44.847
2025-01-01 05:49:00.02 PST,133.889+j44.007
2025-01-01 05:50:00.02 PST,133.333+j43.824
2025-01-01 05:51:00.02 PST,139.333+j45.797
2025-01-01 05:52:00.02 PST,145.333+j47.769
2025-01-01 05:53:00.02 PST,151.333+j49.741
2025-01-01 05:54:00.02 PST,157.333+j51.713
2025-01-01 05:55:00.02 PST,163.333+j53.685
2025-01-01 05:56:00.02 PST,163.333+j53.685
2025-01-01 05:57:00.02 PST,163.333+j53.685
2025-01-01 05:58:00.02 PST,163.333+j53.685
2025-01-01 05:59:00.02 PST,163.333+j53.685
2025-01-01 06:00:00.02 PST,163.333+j53.685
2025-01-01 06:01:00.02 PST,162.667+j53.466
2025-01-01 06:02:00.02 PST,162+j53.247
2025-01-01 06:03:00.02 PST,161.333+j53.028
2025-01-01 06:04:00.02 PST,160.667+j52.809
2025-01-01 06:05:00.02 PST,160+j52.589
2025-01-01 06:06:00.02 PST,160+j52.589
2025-01-01 06:07:00.02 PST,160+j52.589
2025-01-01 06:08:00.02 PST,160+j52.589
2025-01-01 06:09:00.02 PST,160+j52.589
2025-01-01 06:10:00.02 PST,160+j52.589
2025-01-01 06:11:00.02 PST,160+j52.589
2025-01-01 06:12:00.02 PST,160+j52.589
2025-01-01 06:13:00.02 PST,160+j52.589
2025-01-01 06:14:00.02 PST,160+j52.589
2025-01-01 06:15:00.02 PST,178+j58.506
2025-01-01 06:16:00.02 PST,196+j64.422
2025-01-01 06:17:00.02 PST,214+j70.338
2025-01-01 06:18:00.02 PST,232+j76.255
2025-01-01 06:19:00.02 PST,250+j82.171
2025-01-01 06:20:00.02 PST,248+j81.514
2025-01-01 06:21:00.02 PST,252+j82.828
2025-01-01 06:22:00.02 PST,256+j84.143
2025-01-01 06:23:00.02 PST,260+j85.458
2025-01-01 06:24:00.02 PST,264+j86.773
2025-01-01 06:25:00.02 PST,270+j88.745
2025-01-01 06:26:00.02 PST,270+j88.745
2025-01-01 06:27:00.02 PST,270+j88.745
2025-01-01 06:28:00.02 PST,270+j88.745
2025-01-01 06:29:00.02 PST,270+j88.745
2025-01-01 06:30:00.02 PST,272+j89.402
2025-01-01 06:31:00.02 PST,273.333+j89.84
2025-01-01 06:32:00.02 PST,274.667+j90.279
2025-01-01 06:33:00.02 PST,276+j90.717
2025-01-01 06:34:00.02 PST,277.333+j91.155
2025-01-01 06:35:00.02 PST,274.667+j90.279
2025-01-01 06:36:00.02 PST,268.667+j88.307
2025-01-01 06:37:00.02 PST,262.667+j86.334
2025-01-01 06:38:00.02 PST,256.667+j84.362
2025-01-01 06:39:00.02 PST,250.667+j82.39
2025-01-01 06:40:00.02 PST,246.667+j81.076
2025-01-01 06:41:00.02 PST,246+j80.856
2025-01-01 06:42:00.02 PST,245.333+j80.637
2025-01-01 06:43:00.02 PST,244.667+j80.418
2025-01-01 06:44:00.02 PST,244+j80.199
2025-01-01 06:45:00.02 PST,243.333+j79.98
2025-01-01 06:46:00.02 PST,246.667+j81.076
2025-01-01 06:47:00.02 PST,250+j82.171
2025-01-01 06:48:00.02 PST,253.333+j83.267
2025-01-01 06:49:00.02 PST,256.667+j84.362
2025-01-01 06:50:00.02 PST,286+j94.004
2025-01-01 06:51:00.02 PST,317.333+j104.302
2025-01-01 06:52:00.02 PST,348.667+j114.601
2025-01-01 06:53:00.02 PST,380+j124.9
2025-01-01 06:54:00.02 PST,411.333+j135.199
2025-01-01 06:55:00.02 PST,400.667+j131.693
2025-01-01 06:56:00.02 PST,391.333+j128.625
2025-01-01 06:57:00.02 PST,382+j125.557
2025-01-01 06:58:00.02 PST,372.667+j122.49
2025-01-01 06:59:00.02 PST,363.333+j119.422
2025-01-01 07:00:00.02 PST,370+j121.613
2025-01-01 07:01:00.02 PST,364+j119.641
2025-01-01 07:02:00.02 PST,358+j117.669
2025-01-01 07:03:00.02 PST,352+j115.697
2025-01-01 07:04:00.02 PST,346+j113.725
2025-01-01 07:05:00.02 PST,326+j107.151
2025-01-01 07:06:00.02 PST,340.667+j111.972
2025-01-01 07:07:00.02 PST,355.333+j116.792
2025-01-01 07:08:00.02 PST,370+j121.613
2025-01-01 07:09:00.02 PST,384.667+j126.434
2025-01-01 07:10:00.02 PST,409.333+j134.541
2025-01-01 07:11:00.02 PST,372+j122.27
2025-01-01 07:12:00.02 PST,334.667+j110
2025-01-01 07:13:00.02 PST,297.333+j97.729
2025-01-01 07:14:00.02 PST,260+j85.458
2025-01-01 07:15:00.02 PST,230.667+j75.817
2025-01-01 07:16:00.02 PST,337.333+j110.876
2025-01-01 07:17:00.02 PST,444+j145.936
2025-01-01 07:18:00.02 PST,550.667+j180.995
2025-01-01 07:19:00.02 PST,657.333+j216.055
2025-01-01 07:20:00.02 PST,790+j259.66
2025-01-01 07:21:00.02 PST,716.667+j235.557
2025-01-01 07:22:00.02 PST,643.333+j211.453
2025-01-01 07:23:00.02 PST,570+j187.35
2025-01-01 07:24:00.02 PST,496.667+j163.247
2025-01-01 07:25:00.02 PST,391.333+j128.625
2025-01-01 07:26:00.02 PST,394.667+j129.721
2025-01-01 07:27:00.02 PST,398+j130.816
2025-01-01 07:28:00.02 PST,401.333+j131.912
2025-01-01 07:29:00.02 PST,404.667+j133.008
2025-01-01 07:30:00.02 PST,438+j143.964
2025-01-01 07:31:00.02 PST,460.667+j151.414
2025-01-01 07:32:00.02 PST,483.333+j158.864
2025-01-01 07:33:00.02 PST,506+j166.314
2025-01-01 07:34:00.02 PST,528.667+j173.764
2025-01-01 07:35:00.02 PST,523.333+j172.011
2025-01-01 07:36:00.02 PST,530+j174.203
2025-01-01 07:37:00.02 PST,536.667+j176.394
2025-01-01 07:38:00.02 PST,543.333+j178.585
2025-01-01 07:39:00.02 PST,550+j180.776
2025-01-01 07:40:00.02 PST,520.667+j171.135
2025-01-01 07:41:00.02 PST,504+j165.657
2025-01-01 07:42:00.02 PST,487.333+j160.179
2025-01-01 07:43:00.02 PST,470.667+j154.701
2025-01-01 07:44:00.02 PST,454+j149.223
2025-01-01 07:45:00.02 PST,455.333+j149.661
2025-01-01 07:46:00.02 PST,424.667+j139.581
2025-01-01 07:47:00.02 PST,394+j129.502
2025-01-01 07:48:00.02 PST,363.333+j119.422
2025-01-01 07:49:00.02 PST,332.667+j109.342
2025-01-01 07:50:00.02 PST,306+j100.577
2025-01-01 07:51:00.02 PST,318+j104.522
2025-01-01 07:52:00.02 PST,330+j108.466
2025-01-01 07:53:00.02 PST,342+j112.41
2025-01-01 07:54:00.02 PST,354+j116.354
2025-01-01 07:55:00.02 PST,380+j124.9
2025-01-01 07:56:00.02 PST,342.667+j112.629
2025-01-01 07:57:00.02 PST,305.333+j100.358
2025-01-01 07:58:00.02 PST,268+j88.087
2025-01-01 07:59:00.02 PST,230.667+j75.817
2025-01-01 08:00:00.02 PST,209.333+j68.804
2025-01-01 08:01:00.02 PST,226.667+j74.502
2025-01-01 08:02:00.02 PST,244+j80.199
2025-01-01 08:03:00.02 PST,261.333+j85.896
2025-01-01 08:04:00.02 PST,278.667+j91.593
2025-01-01 08:05:00.02 PST,280+j92.032
2025-01-01 08:06:00.02 PST,292+j95.976
2025-01-01 08:07:00.02 PST,304+j99.92
2025-01-01 08:08:00.02 PST,316+j103.864
2025-01-01 08:09:00.02 PST,328+j107.808
2025-01-01 08:10:00.02 PST,342+j112.41
2025-01-01 08:11:00.02 PST,344+j113.067
2025-01-01 08:12:00.02 PST,346+j113.725
2025-01-01 08:13:00.02 PST,348+j114.382
2025-01-01 08:14:00.02 PST,350+j115.039
2025-01-01 08:15:00.02 PST,412+j135.418
2025-01-01 08:16:00.02 PST,468.667+j154.043
2025-01-01 08:17:00.02 PST,525.333+j172.669
2025-01-01 08:18:00.02 PST,582+j191.294
2025-01-01 08:19:00.02 PST,638.667+j209.92
2025-01-01 08:20:00.02 PST,591.333+j194.362
2025-01-01 08:21:00.02 PST,571.333+j187.788
2025-01-01 08:22:00.02 PST,551.333+j181.214
2025-01-01 08:23:00.02 PST,531.333+j174.641
2025-01-01 08:24:00.02 PST,511.333+j168.067
2025-01-01 08:25:00.02 PST,531.333+j174.641
2025-01-01 08:26:00.02 PST,528.667+j173.764
2025-01-01 08:27:00.02 PST,526+j172.888
2025-01-01 08:28:00.02 PST,523.333+j172.011
2025-01-01 08:29:00.02 PST,520.667+j171.135
2025-01-01 08:30:00.02 PST,522+j171.573
2025-01-01 08:31:00.02 PST,518.667+j170.478
2025-01-01 08:32:00.02 PST,515.333+j169.382
2025-01-01 08:33:00.02 PST,512+j168.286
2025-01-01 08:34:00.02 PST,508.667+j167.191
2025-01-01 08:35:00.02 PST,553.333+j181.872
2025-01-01 08:36:00.02 PST,590+j193.924
2025-01-01 08:37:00.02 PST,626.667+j205.975
2025-01-01 08:38:00.02 PST,663.333+j218.027
2025-01-01 08:39:00.02 PST,700+j230.079
2025-01-01 08:40:00.02 PST,892.667+j293.405
2025-01-01 08:41:00.02 PST,1097.33+j360.676
2025-01-01 08:42:00.02 PST,1302+j427.947
2025-01-01 08:43:00.02 PST,1506.67+j495.217
2025-01-01 08:44:00.02 PST,1711.33+j562.488
2025-01-01 08:45:00.02 PST,1448+j475.935
2025-01-01 08:46:00.02 PST,1186+j389.819
2025-01-01 08:47:00.02 PST,924+j303.704
2025-01-01 08:48:00.02 PST,662+j217.589
2025-01-01 08:49:00.02 PST,400+j131.474
2025-01-01 08:50:00.02 PST,842+j276.752
2025-01-01 08:51:00.02 PST,1270+j417.429
2025-01-01 08:52:00.02 PST,1698+j558.106
2025-01-01 08:53:00.02 PST,2126+j698.782
2025-01-01 08:54:00.02 PST,2554+j839.459
2025-01-01 08:55:00.02 PST,2530+j831.571
2025-01-01 08:56:00.02 PST,2524+j829.599
2025-01-01 08:57:00.02 PST,2518+j827.627
2025-01-01 08:58:00.02 PST,2512+j825.654
2025-01-01 08:59:00.02 PST,2506+j823.682
2025-01-01 09:00:00.02 PST,2516+j826.969
2025-01-01 09:01:00.02 PST,2521.33+j828.722
2025-01-01 09:02:00.02 PST,2526.67+j830.475
2025-01-01 09:03:00.02 PST,2532+j832.228
2025-01-01 09:04:00.02 PST,2537.33+j833.981
2025-01-01 09:05:00.02 PST,2320.67+j762.766
2025-01-01 09:06:00.02 PST,2105.33+j691.989
2025-01-01 09:07:00.02 PST,1890+j621.213
2025-01-01 09:08:00.02 PST,1674.67+j550.436
2025-01-01 09:09:00.02 PST,1459.33+j479.66
2025-01-01 09:10:00.02 PST,1282+j421.373
2025-01-01 09:11:00.02 PST,1112.67+j365.716
2025-01-01 09:12:00.02 PST,943.333+j310.059
2025-01-01 09:13:00.02 PST,774+j254.401
2025-01-01 09:14:00.02 PST,604.667+j198.744
2025-01-01 09:15:00.02 PST,795.333+j261.413
2025-01-01 09:16:00.02 PST,972+j319.481
2025-01-01 09:17:00.02 PST,1148.67+j377.549
2025-01-01 09:18:00.02 PST,1325.33+j435.616
2025-01-01 09:19:00.02 PST,1502+j493.684
2025-01-01 09:20:00.02 PST,1494.67+j491.273
2025-01-01 09:21:00.02 PST,1491.33+j490.177
2025-01-01 09:22:00.02 PST,1488+j489.082
2025-01-01 09:23:00.02 PST,1484.67+j487.986
2025-01-01 09:24:00.02 PST,1481.33+j486.891
2025-01-01 09:25:00.02 PST,1496+j491.711
2025-01-01 09:26:00.02 PST,1509.22+j496.057
2025-01-01 09:27:00.02 PST,1522.44+j500.403
2025-01-01 09:28:00.02 PST,1535.67+j504.749
2025-01-01 09:29:00.02 PST,1548.89+j509.095
2025-01-01 09:30:00.02 PST,1334.11+j438.501
2025-01-01 09:31:00.02 PST,1119.33+j367.907
2025-01-01 09:32:00.02 PST,907.333+j298.226
2025-01-01 09:33:00.02 PST,695.333+j228.545
2025-01-01 09:34:00.02 PST,483.333+j158.864
2025-01-01 09:35:00.02 PST,483.333+j158.864
2025-01-01 09:36:00.02 PST,484.667+j159.302
2025-01-01 09:37:00.02 PST,486+j159.74
2025-01-01 09:38:00.02 PST,487.333+j160.179
2025-01-01 09:39:00.02 PST,488.667+j160.617
2025-01-01 09:40:00.02 PST,502+j164.999
2025-01-01 09:41:00.02 PST,627.333+j206.194
2025-01-01 09:42:00.02 PST,752.667+j247.39
2025-01-01 09:43:00.02 PST,878+j288.585
2025-01-01 09:44:00.02 PST,1003.33+j329.78
2025-01-01 09:45:00.02 PST,1112.67+j365.716
2025-01-01 09:46:00.02 PST,1114+j366.154
2025-01-01 09:47:00.02 PST,1115.33+j366.592
2025-01-01 09:48:00.02 PST,1116.67+j367.031
2025-01-01 09:49:00.02 PST,1118+j367.469
2025-01-01 09:50:00.02 PST,1123.33+j369.222
2025-01-01 09:51:00.02 PST,1128.67+j370.975
2025-01-01 09:52:00.02 PST,1134+j372.728
2025-01-01 09:53:00.02 PST,1139.33+j374.481
2025-01-01 09:54:00.02 PST,1144.67+j376.234
2025-01-01 09:55:00.02 PST,1376+j452.269
2025-01-01 09:56:00.02 PST,1520.67+j499.819
2025-01-01 09:57:00.02 PST,1665.33+j547.368
2025-01-01 09:58:00.02 PST,1810+j594.918
2025-01-01 09:59:00.02 PST,1954.67+j642.468
2025-01-01 10:00:00.02 PST,1841.33+j605.217
2025-01-01 10:01:00.02 PST,1799.33+j591.412
2025-01-01 10:02:00.02 PST,1757.33+j577.607
2025-01-01 10:03:00.02 PST,1715.33+j563.803
2025-01-01 10:04:00.02 PST,1673.33+j549.998
2025-01-01 10:05:00.02 PST,1459.33+j479.66
2025-01-01 10:06:00.02 PST,1269.33+j417.21
2025-01-01 10:07:00.02 PST,1079.33+j354.76
2025-01-01 10:08:00.02 PST,889.333+j292.31
2025-01-01 10:09:00.02 PST,699.333+j229.86
2025-01-01 10:10:00.02 PST,715.333+j235.119
2025-01-01 10:11:00.02 PST,688.667+j226.354
2025-01-01 10:12:00.02 PST,662+j217.589
2025-01-01 10:13:00.02 PST,635.333+j208.824
2025-01-01 10:14:00.02 PST,608.667+j200.059
2025-01-01 10:15:00.02 PST,594+j195.238
2025-01-01 10:16:00.02 PST,614.667+j202.031
2025-01-01 10:17:00.02 PST,635.333+j208.824
2025-01-01 10:18:00.02 PST,656+j215.617
2025-01-01 10:19:00.02 PST,676.667+j222.41
2025-01-01 10:20:00.02 PST,699.333+j229.86
2025-01-01 10:21:00.02 PST,713.333+j234.461
2025-01-01 10:22:00.02 PST,727.333+j239.063
2025-01-01 10:23:00.02 PST,741.333+j243.664
2025-01-01 10:24:00.02 PST,755.333+j248.266
2025-01-01 10:25:00.02 PST,741.333+j243.664
2025-01-01 10:26:00.02 PST,725.333+j238.405
2025-01-01 10:27:00.02 PST,709.333+j233.146
2025-01-01 10:28:00.02 PST,693.333+j227.888
2025-01-01 10:29:00.02 PST,677.333+j222.629
2025-01-01 10:30:00.02 PST,673.333+j221.314
2025-01-01 10:31:00.02 PST,694.667+j228.326
2025-01-01 10:32:00.02 PST,716+j235.338
2025-01-01 10:33:00.02 PST,737.333+j242.35
2025-01-01 10:34:00.02 PST,758.667+j249.362
2025-01-01 10:35:00.02 PST,792+j260.318
2025-01-01 10:36:00.02 PST,778+j255.716
2025-01-01 10:37:00.02 PST,764+j251.115
2025-01-01 10:38:00.02 PST,750+j246.513
2025-01-01 10:39:00.02 PST,736+j241.912
2025-01-01 10:40:00.02 PST,720+j236.653
2025-01-01 10:41:00.02 PST,730.667+j240.159
2025-01-01 10:42:00.02 PST,741.333+j243.664
2025-01-01 10:43:00.02 PST,752+j247.17
2025-01-01 10:44:00.02 PST,762.667+j250.677
2025-01-01 10:45:00.02 PST,775.333+j254.84
2025-01-01 10:46:00.02 PST,786.667+j258.565
2025-01-01 10:47:00.02 PST,798+j262.29
2025-01-01 10:48:00.02 PST,809.333+j266.015
2025-01-01 10:49:00.02 PST,820.667+j269.74
2025-01-01 10:50:00.02 PST,802+j263.605
2025-01-01 10:51:00.02 PST,797.333+j262.071
2025-01-01 10:52:00.02 PST,792.667+j260.537
2025-01-01 10:53:00.02 PST,788+j259.003
2025-01-01 10:54:00.02 PST,783.333+j257.469
2025-01-01 10:55:00.02 PST,798.667+j262.509
2025-01-01 10:56:00.02 PST,802+j263.605
2025-01-01 10:57:00.02 PST,805.333+j264.7
2025-01-01 10:58:00.02 PST,808.667+j265.796
2025-01-01 10:59:00.02 PST,812+j266.891
2025-01-01 11:00:00.02 PST,785.333+j258.126
2025-01-01 11:01:00.02 PST,882+j289.899
2025-01-01 11:02:00.02 PST,978.667+j321.672
2025-01-01 11:03:00.02 PST,1075.33+j353.445
2025-01-01 11:04:00.02 PST,1172+j385.218
2025-01-01 11:05:00.02 PST,1296.67+j426.194
2025-01-01 11:06:00.02 PST,1301.33+j427.727
2025-01-01 11:07:00.02 PST,1306+j429.261
2025-01-01 11:08:00.02 PST,1310.67+j430.795
2025-01-01 11:09:00.02 PST,1315.33+j432.329
2025-01-01 11:10:00.02 PST,1316+j432.548
2025-01-01 11:11:00.02 PST,1320+j433.863
2025-01-01 11:12:00.02 PST,1324+j435.178
2025-01-01 11:13:00.02 PST,1328+j436.492
2025-01-01 11:14:00.02 PST,1332+j437.807
2025-01-01 11:15:00.02 PST,1340+j440.437
2025-01-01 11:16:00.02 PST,1343.33+j441.532
2025-01-01 11:17:00.02 PST,1346.67+j442.628
2025-01-01 11:18:00.02 PST,1350+j443.724
2025-01-01 11:19:00.02 PST,1353.33+j444.819
2025-01-01 11:20:00.02 PST,1356.67+j445.915
2025-01-01 11:21:00.02 PST,1353.33+j444.819
2025-01-01 11:22:00.02 PST,1350+j443.724
2025-01-01 11:23:00.02 PST,1346.67+j442.628
2025-01-01 11:24:00.02 PST,1343.33+j441.532
2025-01-01 11:25:00.02 PST,1340+j440.437
2025-01-01 11:26:00.02 PST,1330+j437.15
2025-01-01 11:27:00.02 PST,1320+j433.863
2025-01-01 11:28:00.02 PST,1310+j430.576
2025-01-01 11:29:00.02 PST,1300+j427.289
2025-01-01 11:30:00.02 PST,1290+j424.002
2025-01-01 11:31:00.02 PST,1289.33+j423.783
2025-01-01 11:32:00.02 PST,1288.67+j423.564
2025-01-01 11:33:00.02 PST,1288+j423.345
2025-01-01 11:34:00.02 PST,1287.33+j423.126
2025-01-01 11:35:00.02 PST,1310.67+j430.795
2025-01-01 11:36:00.02 PST,1338+j439.779
2025-01-01 11:37:00.02 PST,1365.33+j448.763
2025-01-01 11:38:00.02 PST,1392.67+j457.748
2025-01-01 11:39:00.02 PST,1420+j466.731
2025-01-01 11:40:00.02 PST,1397.33+j459.281
2025-01-01 11:41:00.02 PST,1380+j453.584
2025-01-01 11:42:00.02 PST,1362.67+j447.887
2025-01-01 11:43:00.02 PST,1345.33+j442.19
2025-01-01 11:44:00.02 PST,1328+j436.492
2025-01-01 11:45:00.02 PST,1350.67+j443.943
2025-01-01 11:46:00.02 PST,1358.67+j446.572
2025-01-01 11:47:00.02 PST,1366.67+j449.202
2025-01-01 11:48:00.02 PST,1374.67+j451.831
2025-01-01 11:49:00.02 PST,1382.67+j454.461
2025-01-01 11:50:00.02 PST,1344.67+j441.971
2025-01-01 11:51:00.02 PST,1314+j431.891
2025-01-01 11:52:00.02 PST,1283.33+j421.811
2025-01-01 11:53:00.02 PST,1252.67+j411.732
2025-01-01 11:54:00.02 PST,1222+j401.652
2025-01-01 11:55:00.02 PST,1211.33+j398.146
2025-01-01 11:56:00.02 PST,1354.67+j445.258
2025-01-01 11:57:00.02 PST,1498+j492.369
2025-01-01 11:58:00.02 PST,1641.33+j539.48
2025-01-01 11:59:00.02 PST,1784.67+j586.592
2025-01-01 12:00:00.02 PST,1936+j636.332
2025-01-01 12:01:00.02 PST,1932.67+j635.237
2025-01-01 12:02:00.02 PST,1929.33+j634.141
2025-01-01 12:03:00.02 PST,1926+j633.046
2025-01-01 12:04:00.02 PST,1922.67+j631.95
2025-01-01 12:05:00.02 PST,1925.33+j632.826
2025-01-01 12:06:00.02 PST,1636+j537.727
2025-01-01 12:07:00.02 PST,1346.67+j442.628
2025-01-01 12:08:00.02 PST,1057.33+j347.529
2025-01-01 12:09:00.02 PST,768+j252.429
2025-01-01 12:10:00.02 PST,472.667+j155.358
2025-01-01 12:11:00.02 PST,462+j151.852
2025-01-01 12:12:00.02 PST,451.333+j148.346
2025-01-01 12:13:00.02 PST,440.667+j144.84
2025-01-01 12:14:00.02 PST,430+j141.334
2025-01-01 12:15:00.02 PST,423.333+j139.143
2025-01-01 12:16:00.02 PST,413.333+j135.856
2025-01-01 12:17:00.02 PST,403.333+j132.569
2025-01-01 12:18:00.02 PST,393.333+j129.282
2025-01-01 12:19:00.02 PST,383.333+j125.995
2025-01-01 12:20:00.02 PST,379.333+j124.681
2025-01-01 12:21:00.02 PST,386+j126.872
2025-01-01 12:22:00.02 PST,392.667+j129.063
2025-01-01 12:23:00.02 PST,399.333+j131.254
2025-01-01 12:24:00.02 PST,406+j133.446
2025-01-01 12:25:00.02 PST,392.667+j129.063
2025-01-01 12:26:00.02 PST,379.333+j124.681
2025-01-01 12:27:00.02 PST,366+j120.298
2025-01-01 12:28:00.02 PST,352.667+j115.916
2025-01-01 12:29:00.02 PST,339.333+j111.533
2025-01-01 12:30:00.02 PST,340+j111.753
2025-01-01 12:31:00.02 PST,338.667+j111.314
2025-01-01 12:32:00.02 PST,337.333+j110.876
2025-01-01 12:33:00.02 PST,336+j110.438
2025-01-01 12:34:00.02 PST,334.667+j110
2025-01-01 12:35:00.02 PST,333.333+j109.561
2025-01-01 12:36:00.02 PST,355.333+j116.792
2025-01-01 12:37:00.02 PST,377.333+j124.023
2025-01-01 12:38:00.02 PST,399.333+j131.254
2025-01-01 12:39:00.02 PST,421.333+j138.485
2025-01-01 12:40:00.02 PST,443.333+j145.717
2025-01-01 12:41:00.02 PST,458.667+j150.757
2025-01-01 12:42:00.02 PST,474+j155.796
2025-01-01 12:43:00.02 PST,489.333+j160.836
2025-01-01 12:44:00.02 PST,504.667+j165.876
2025-01-01 12:45:00.02 PST,520+j170.916
2025-01-01 12:46:00.02 PST,516.667+j169.82
2025-01-01 12:47:00.02 PST,513.333+j168.724
2025-01-01 12:48:00.02 PST,510+j167.629
2025-01-01 12:49:00.02 PST,506.667+j166.533
2025-01-01 12:50:00.02 PST,503.333+j165.438
2025-01-01 12:51:00.02 PST,518.667+j170.478
2025-01-01 12:52:00.02 PST,534+j175.517
2025-01-01 12:53:00.02 PST,549.333+j180.557
2025-01-01 12:54:00.02 PST,564.667+j185.597
2025-01-01 12:55:00.02 PST,580+j190.637
2025-01-01 12:56:00.02 PST,685.333+j225.258
2025-01-01 12:57:00.02 PST,790.667+j259.88
2025-01-01 12:58:00.02 PST,896+j294.501
2025-01-01 12:59:00.02 PST,1001.33+j329.122
2025-01-01 13:00:00.02 PST,1106.67+j363.744
2025-01-01 13:01:00.02 PST,1098+j360.895
2025-01-01 13:02:00.02 PST,1089.33+j358.046
2025-01-01 13:03:00.02 PST,1080.67+j355.198
2025-01-01 13:04:00.02 PST,1072+j352.349
2025-01-01 13:05:00.02 PST,1063.33+j349.501
2025-01-01 13:06:00.02 PST,916+j301.075
2025-01-01 13:07:00.02 PST,768.667+j252.649
2025-01-01 13:08:00.02 PST,621.333+j204.222
2025-01-01 13:09:00.02 PST,474+j155.796
2025-01-01 13:10:00.02 PST,326.667+j107.37
2025-01-01 13:11:00.02 PST,328+j107.808
2025-01-01 13:12:00.02 PST,329.333+j108.247
2025-01-01 13:13:00.02 PST,330.667+j108.685
2025-01-01 13:14:00.02 PST,332+j109.123
2025-01-01 13:15:00.02 PST,333.333+j109.561
2025-01-01 13:16:00.02 PST,335.333+j110.219
2025-01-01 13:17:00.02 PST,337.333+j110.876
2025-01-01 13:18:00.02 PST,339.333+j111.533
2025-01-01 13:19:00.02 PST,341.333+j112.191
2025-01-01 13:20:00.02 PST,343.333+j112.848
2025-01-01 13:21:00.02 PST,331.333+j108.904
2025-01-01 13:22:00.02 PST,319.333+j104.96
2025-01-01 13:23:00.02 PST,307.333+j101.015
2025-01-01 13:24:00.02 PST,295.333+j97.071
2025-01-01 13:25:00.02 PST,283.333+j93.127
2025-01-01 13:26:00.02 PST,282.667+j92.908
2025-01-01 13:27:00.02 PST,282+j92.689
2025-01-01 13:28:00.02 PST,281.333+j92.47
2025-01-01 13:29:00.02 PST,280.667+j92.251
2025-01-01 13:30:00.02 PST,280+j92.032
2025-01-01 13:31:00.02 PST,288+j94.661
2025-01-01 13:32:00.02 PST,296+j97.29
2025-01-01 13:33:00.02 PST,304+j99.92
2025-01-01 13:34:00.02 PST,312+j102.549
2025-01-01 13:35:00.02 PST,320+j105.179
2025-01-01 13:36:00.02 PST,318.667+j104.741
2025-01-01 13:37:00.02 PST,317.333+j104.302
2025-01-01 13:38:00.02 PST,316+j103.864
2025-01-01 13:39:00.02 PST,314.667+j103.426
2025-01-01 13:40:00.02 PST,313.333+j102.988
2025-01-01 13:41:00.02 PST,324.667+j106.713
2025-01-01 13:42:00.02 PST,336+j110.438
2025-01-01 13:43:00.02 PST,347.333+j114.163
2025-01-01 13:44:00.02 PST,358.667+j117.888
2025-01-01 13:45:00.02 PST,370+j121.613
2025-01-01 13:46:00.02 PST,661.333+j217.37
2025-01-01 13:47:00.02 PST,952.667+j313.127
2025-01-01 13:48:00.02 PST,1244+j408.883
2025-01-01 13:49:00.02 PST,1535.33+j504.64
2025-01-01 13:50:00.02 PST,1826.67+j600.396
2025-01-01 13:51:00.02 PST,1842+j605.436
2025-01-01 13:52:00.02 PST,1857.33+j610.476
2025-01-01 13:53:00.02 PST,1872.67+j615.516
2025-01-01 13:54:00.02 PST,1888+j620.556
2025-01-01 13:55:00.02 PST,1903.33+j625.595
2025-01-01 13:56:00.02 PST,1890+j621.213
2025-01-01 13:57:00.02 PST,1876.67+j616.831
2025-01-01 13:58:00.02 PST,1863.33+j612.448
2025-01-01 13:59:00.02 PST,1850+j608.066
2025-01-01 14:00:00.02 PST,1836.67+j603.683
2025-01-01 14:01:00.02 PST,1731.33+j569.062
2025-01-01 14:02:00.02 PST,1626+j534.44
2025-01-01 14:03:00.02 PST,1520.67+j499.819
2025-01-01 14:04:00.02 PST,1415.33+j465.197
2025-01-01 14:05:00.02 PST,1310+j430.576
2025-01-01 14:06:00.02 PST,1165.33+j383.026
2025-01-01 14:07:00.02 PST,1020.67+j335.477
2025-01-01 14:08:00.02 PST,876+j287.927
2025-01-01 14:09:00.02 PST,731.333+j240.378
2025-01-01 14:10:00.02 PST,586.667+j192.828
2025-01-01 14:11:00.02 PST,723.333+j237.748
2025-01-01 14:12:00.02 PST,860+j282.668
2025-01-01 14:13:00.02 PST,996.667+j327.589
2025-01-01 14:14:00.02 PST,1133.33+j372.509
2025-01-01 14:15:00.02 PST,1270+j417.429
2025-01-01 14:16:00.02 PST,1189.33+j390.915
2025-01-01 14:17:00.02 PST,1108.67+j364.401
2025-01-01 14:18:00.02 PST,1028+j337.887
2025-01-01 14:19:00.02 PST,947.333+j311.373
2025-01-01 14:20:00.02 PST,866.667+j284.86
2025-01-01 14:21:00.02 PST,825.333+j271.274
2025-01-01 14:22:00.02 PST,784+j257.688
2025-01-01 14:23:00.02 PST,742.667+j244.103
2025-01-01 14:24:00.02 PST,701.333+j230.517
2025-01-01 14:25:00.02 PST,660+j216.932
2025-01-01 14:26:00.02 PST,638.667+j209.92
2025-01-01 14:27:00.02 PST,617.333+j202.908
2025-01-01 14:28:00.02 PST,596+j195.896
2025-01-01 14:29:00.02 PST,574.667+j188.884
2025-01-01 14:30:00.02 PST,553.333+j181.872
2025-01-01 14:31:00.02 PST,802.667+j263.824
2025-01-01 14:32:00.02 PST,1052+j345.776
2025-01-01 14:33:00.02 PST,1301.33+j427.727
2025-01-01 14:34:00.02 PST,1550.67+j509.68
2025-01-01 14:35:00.02 PST,1800+j591.631
2025-01-01 14:36:00.02 PST,1562.67+j513.624
2025-01-01 14:37:00.02 PST,1325.33+j435.616
2025-01-01 14:38:00.02 PST,1088+j357.608
2025-01-01 14:39:00.02 PST,850.667+j279.601
2025-01-01 14:40:00.02 PST,613.333+j201.593
2025-01-01 14:41:00.02 PST,634.667+j208.605
2025-01-01 14:42:00.02 PST,656+j215.617
2025-01-01 14:43:00.02 PST,677.333+j222.629
2025-01-01 14:44:00.02 PST,698.667+j229.641
2025-01-01 14:45:00.02 PST,720+j236.653
2025-01-01 14:46:00.02 PST,819.333+j269.302
2025-01-01 14:47:00.02 PST,918.667+j301.951
2025-01-01 14:48:00.02 PST,1018+j334.6
2025-01-01 14:49:00.02 PST,1117.33+j367.25
2025-01-01 14:50:00.02 PST,1216.67+j399.899
2025-01-01 14:51:00.02 PST,1214+j399.023
2025-01-01 14:52:00.02 PST,1211.33+j398.146
2025-01-01 14:53:00.02 PST,1208.67+j397.27
2025-01-01 14:54:00.02 PST,1206+j396.393
2025-01-01 14:55:00.02 PST,1203.33+j395.516
2025-01-01 14:56:00.02 PST,1180+j387.847
2025-01-01 14:57:00.02 PST,1156.67+j380.178
2025-01-01 14:58:00.02 PST,1133.33+j372.509
2025-01-01 14:59:00.02 PST,1110+j364.839
2025-01-01 15:00:00.02 PST,1086.67+j357.17
2025-01-01 15:01:00.02 PST,971.333+j319.262
2025-01-01 15:02:00.02 PST,856+j281.354
2025-01-01 15:03:00.02 PST,740.667+j243.445
2025-01-01 15:04:00.02 PST,625.333+j205.537
2025-01-01 15:05:00.02 PST,510+j167.629
2025-01-01 15:06:00.02 PST,893.333+j293.624
2025-01-01 15:07:00.02 PST,1276.67+j419.62
2025-01-01 15:08:00.02 PST,1660+j545.616
2025-01-01 15:09:00.02 PST,2043.33+j671.611
2025-01-01 15:10:00.02 PST,2426.67+j797.607
2025-01-01 15:11:00.02 PST,2428.67+j798.264
2025-01-01 15:12:00.02 PST,2430.67+j798.922
2025-01-01 15:13:00.02 PST,2432.67+j799.579
2025-01-01 15:14:00.02 PST,2434.67+j800.236
2025-01-01 15:15:00.02 PST,2436.67+j800.894
2025-01-01 15:16:00.02 PST,2152.67+j707.547
2025-01-01 15:17:00.02 PST,1868.67+j614.201
2025-01-01 15:18:00.02 PST,1584.67+j520.855
2025-01-01 15:19:00.02 PST,1300.67+j427.509
2025-01-01 15:20:00.02 PST,1016.67+j334.162
2025-01-01 15:21:00.02 PST,1015.33+j333.724
2025-01-01 15:22:00.02 PST,1014+j333.286
2025-01-01 15:23:00.02 PST,1012.67+j332.848
2025-01-01 15:24:00.02 PST,1011.33+j332.409
2025-01-01 15:25:00.02 PST,1010+j331.971
2025-01-01 15:26:00.02 PST,1011.33+j332.409
2025-01-01 15:27:00.02 PST,1012.67+j332.848
2025-01-01 15:28:00.02 PST,1014+j333.286
2025-01-01 15:29:00.02 PST,1015.33+j333.724
2025-01-01 15:30:00.02 PST,1016.67+j334.162
2025-01-01 15:31:00.02 PST,915.333+j300.855
2025-01-01 15:32:00.02 PST,814+j267.549
2025-01-01 15:33:00.02 PST,712.667+j234.242
2025-01-01 15:34:00.02 PST,611.333+j200.935
2025-01-01 15:35:00.02 PST,510+j167.629
2025-01-01 15:36:00.02 PST,520.667+j171.135
2025-01-01 15:37:00.02 PST,531.333+j174.641
2025-01-01 15:38:00.02 PST,542+j178.147
2025-01-01 15:39:00.02 PST,552.667+j181.653
2025-01-01 15:40:00.02 PST,563.333+j185.159
2025-01-01 15:41:00.02 PST,564+j185.378
2025-01-01 15:42:00.02 PST,564.667+j185.597
2025-01-01 15:43:00.02 PST,565.333+j185.816
2025-01-01 15:44:00.02 PST,566+j186.035
2025-01-01 15:45:00.02 PST,566.667+j186.254
2025-01-01 15:46:00.02 PST,559.333+j183.844
2025-01-01 15:47:00.02 PST,552+j181.434
2025-01-01 15:48:00.02 PST,544.667+j179.023
2025-01-01 15:49:00.02 PST,537.333+j176.613
2025-01-01 15:50:00.02 PST,530+j174.203
2025-01-01 15:51:00.02 PST,552.667+j181.653
2025-01-01 15:52:00.02 PST,575.333+j189.103
2025-01-01 15:53:00.02 PST,598+j196.553
2025-01-01 15:54:00.02 PST,620.667+j204.003
2025-01-01 15:55:00.02 PST,643.333+j211.453
2025-01-01 15:56:00.02 PST,637.333+j209.481
2025-01-01 15:57:00.02 PST,631.333+j207.509
2025-01-01 15:58:00.02 PST,625.333+j205.537
2025-01-01 15:59:00.02 PST,619.333+j203.565
2025-01-01 16:00:00.02 PST,613.333+j201.593
2025-01-01 16:01:00.02 PST,592+j194.581
2025-01-01 16:02:00.02 PST,570.667+j187.569
2025-01-01 16:03:00.02 PST,549.333+j180.557
2025-01-01 16:04:00.02 PST,528+j173.545
2025-01-01 16:05:00.02 PST,506.667+j166.533
2025-01-01 16:06:00.02 PST,530+j174.203
2025-01-01 16:07:00.02 PST,553.333+j181.872
2025-01-01 16:08:00.02 PST,576.667+j189.541
2025-01-01 16:09:00.02 PST,600+j197.21
2025-01-01 16:10:00.02 PST,623.333+j204.88
2025-01-01 16:11:00.02 PST,741.333+j243.664
2025-01-01 16:12:00.02 PST,859.333+j282.449
2025-01-01 16:13:00.02 PST,977.333+j321.234
2025-01-01 16:14:00.02 PST,1095.33+j360.019
2025-01-01 16:15:00.02 PST,1213.33+j398.803
2025-01-01 16:16:00.02 PST,1208+j397.05
2025-01-01 16:17:00.02 PST,1202.67+j395.298
2025-01-01 16:18:00.02 PST,1197.33+j393.544
2025-01-01 16:19:00.02 PST,1192+j391.791
2025-01-01 16:20:00.02 PST,1186.67+j390.039
2025-01-01 16:21:00.02 PST,1134+j372.728
2025-01-01 16:22:00.02 PST,1081.33+j355.417
2025-01-01 16:23:00.02 PST,1028.67+j338.106
2025-01-01 16:24:00.02 PST,976+j320.796
2025-01-01 16:25:00.02 PST,923.333+j303.485
2025-01-01 16:26:00.02 PST,887.333+j291.652
2025-01-01 16:27:00.02 PST,851.333+j279.82
2025-01-01 16:28:00.02 PST,815.333+j267.987
2025-01-01 16:29:00.02 PST,779.333+j256.154
2025-01-01 16:30:00.02 PST,743.333+j244.322
2025-01-01 16:31:00.02 PST,833.333+j273.903
2025-01-01 16:32:00.02 PST,923.333+j303.485
2025-01-01 16:33:00.02 PST,1013.33+j333.066
2025-01-01 16:34:00.02 PST,1103.33+j362.648
2025-01-01 16:35:00.02 PST,1193.33+j392.23
2025-01-01 16:36:00.02 PST,1113.33+j365.935
2025-01-01 16:37:00.02 PST,1033.33+j339.64
2025-01-01 16:38:00.02 PST,953.333+j313.345
2025-01-01 16:39:00.02 PST,873.333+j287.051
2025-01-01 16:40:00.02 PST,793.333+j260.756
2025-01-01 16:41:00.02 PST,848.667+j278.943
2025-01-01 16:42:00.02 PST,904+j297.13
2025-01-01 16:43:00.02 PST,959.333+j315.318
2025-01-01 16:44:00.02 PST,1014.67+j333.505
2025-01-01 16:45:00.02 PST,1070+j351.692
2025-01-01 16:46:00.02 PST,1088+j357.608
2025-01-01 16:47:00.02 PST,1068.67+j351.254
2025-01-01 16:48:00.02 PST,1049.33+j344.899
2025-01-01 16:49:00.02 PST,1030+j338.545
2025-01-01 16:50:00.02 PST,1010.67+j332.19
2025-01-01 16:51:00.02 PST,1397.33+j459.281
2025-01-01 16:52:00.02 PST,1704.67+j560.297
2025-01-01 16:53:00.02 PST,2012+j661.312
2025-01-01 16:54:00.02 PST,2319.33+j762.328
2025-01-01 16:55:00.02 PST,2626.67+j863.344
2025-01-01 16:56:00.02 PST,2546.67+j837.049
2025-01-01 16:57:00.02 PST,2539.33+j834.638
2025-01-01 16:58:00.02 PST,2532+j832.228
2025-01-01 16:59:00.02 PST,2524.67+j829.818
2025-01-01 17:00:00.02 PST,2517.33+j827.407
2025-01-01 17:01:00.02 PST,2502.67+j822.587
2025-01-01 17:02:00.02 PST,2508.67+j824.559
2025-01-01 17:03:00.02 PST,2514.67+j826.531
2025-01-01 17:04:00.02 PST,2520.67+j828.503
2025-01-01 17:05:00.02 PST,2526.67+j830.475
2025-01-01 17:06:00.02 PST,2510.67+j825.216
2025-01-01 17:07:00.02 PST,2478+j814.479
2025-01-01 17:08:00.02 PST,2445.33+j803.742
2025-01-01 17:09:00.02 PST,2412.67+j793.005
2025-01-01 17:10:00.02 PST,2380+j782.268
2025-01-01 17:11:00.02 PST,2024+j665.257
2025-01-01 17:12:00.02 PST,1673.33+j549.998
2025-01-01 17:13:00.02 PST,1322.67+j434.74
2025-01-01 17:14:00.02 PST,972+j319.481
2025-01-01 17:15:00.02 PST,621.333+j204.222
2025-01-01 17:16:00.02 PST,657.333+j216.055
2025-01-01 17:17:00.02 PST,687.333+j225.915
2025-01-01 17:18:00.02 PST,717.333+j235.776
2025-01-01 17:19:00.02 PST,747.333+j245.636
2025-01-01 17:20:00.02 PST,777.333+j255.497
2025-01-01 17:21:00.02 PST,760+j249.8
2025-01-01 17:22:00.02 PST,730.667+j240.159
2025-01-01 17:23:00.02 PST,701.333+j230.517
2025-01-01 17:24:00.02 PST,672+j220.876
2025-01-01 17:25:00.02 PST,642.667+j211.234
2025-01-01 17:26:00.02 PST,626+j205.756
2025-01-01 17:27:00.02 PST,624.667+j205.318
2025-01-01 17:28:00.02 PST,623.333+j204.88
2025-01-01 17:29:00.02 PST,622+j204.442
2025-01-01 17:30:00.02 PST,620.667+j204.003
2025-01-01 17:31:00.02 PST,626+j205.756
2025-01-01 17:32:00.02 PST,628.667+j206.633
2025-01-01 17:33:00.02 PST,631.333+j207.509
2025-01-01 17:34:00.02 PST,634+j208.386
2025-01-01 17:35:00.02 PST,636.667+j209.262
2025-01-01 17:36:00.02 PST,630+j207.071
2025-01-01 17:37:00.02 PST,630+j207.071
2025-01-01 17:38:00.02 PST,630+j207.071
2025-01-01 17:39:00.02 PST,630+j207.071
2025-01-01 17:40:00.02 PST,630+j207.071
2025-01-01 17:41:00.02 PST,718+j235.995
2025-01-01 17:42:00.02 PST,798.667+j262.509
2025-01-01 17:43:00.02 PST,879.333+j289.023
2025-01-01 17:44:00.02 PST,960+j315.537
2025-01-01 17:45:00.02 PST,1040.67+j342.051
2025-01-01 17:46:00.02 PST,954+j313.565
2025-01-01 17:47:00.02 PST,870.667+j286.174
2025-01-01 17:48:00.02 PST,787.333+j258.784
2025-01-01 17:49:00.02 PST,704+j231.394
2025-01-01 17:50:00.02 PST,620.667+j204.003
2025-01-01 17:51:00.02 PST,604.667+j198.744
2025-01-01 17:52:00.02 PST,583.333+j191.732
2025-01-01 17:53:00.02 PST,562+j184.72
2025-01-01 17:54:00.02 PST,540.667+j177.709
2025-01-01 17:55:00.02 PST,519.333+j170.697
2025-01-01 17:56:00.02 PST,521.333+j171.354
2025-01-01 17:57:00.02 PST,523.333+j172.011
2025-01-01 17:58:00.02 PST,525.333+j172.669
2025-01-01 17:59:00.02 PST,527.333+j173.326
2025-01-01 18:00:00.02 PST,529.333+j173.983
2025-01-01 18:01:00.02 PST,600.667+j197.43
2025-01-01 18:02:00.02 PST,674+j221.533
2025-01-01 18:03:00.02 PST,747.333+j245.636
2025-01-01 18:04:00.02 PST,820.667+j269.74
2025-01-01 18:05:00.02 PST,894+j293.844
2025-01-01 18:06:00.02 PST,952.667+j313.127
2025-01-01 18:07:00.02 PST,1012+j332.628
2025-01-01 18:08:00.02 PST,1071.33+j352.13
2025-01-01 18:09:00.02 PST,1130.67+j371.632
2025-01-01 18:10:00.02 PST,1190+j391.134
2025-01-01 18:11:00.02 PST,1174.67+j386.094
2025-01-01 18:12:00.02 PST,1170.67+j384.78
2025-01-01 18:13:00.02 PST,1166.67+j383.465
2025-01-01 18:14:00.02 PST,1162.67+j382.15
2025-01-01 18:15:00.02 PST,1158.67+j380.835
2025-01-01 18:16:00.02 PST,1142+j375.357
2025-01-01 18:17:00.02 PST,1106+j363.525
2025-01-01 18:18:00.02 PST,1070+j351.692
2025-01-01 18:19:00.02 PST,1034+j339.859
2025-01-01 18:20:00.02 PST,998+j328.027
2025-01-01 18:21:00.02 PST,1002+j329.341
2025-01-01 18:22:00.02 PST,1021.33+j335.696
2025-01-01 18:23:00.02 PST,1040.67+j342.051
2025-01-01 18:24:00.02 PST,1060+j348.405
2025-01-01 18:25:00.02 PST,1079.33+j354.76
2025-01-01 18:26:00.02 PST,1420+j466.731
2025-01-01 18:27:00.02 PST,1736.67+j570.815
2025-01-01 18:28:00.02 PST,2053.33+j674.898
2025-01-01 18:29:00.02 PST,2370+j778.981
2025-01-01 18:30:00.02 PST,2686.67+j883.065
2025-01-01 18:31:00.02 PST,2636+j866.411
2025-01-01 18:32:00.02 PST,2602.67+j855.455
2025-01-01 18:33:00.02 PST,2569.33+j844.499
2025-01-01 18:34:00.02 PST,2536+j833.543
2025-01-01 18:35:00.02 PST,2502.67+j822.587
2025-01-01 18:36:00.02 PST,2261.33+j743.264
2025-01-01 18:37:00.02 PST,2019.33+j663.723
2025-01-01 18:38:00.02 PST,1777.33+j584.181
2025-01-01 18:39:00.02 PST,1535.33+j504.64
2025-01-01 18:40:00.02 PST,1293.33+j425.098
2025-01-01 18:41:00.02 PST,1410+j463.445
2025-01-01 18:42:00.02 PST,1526.67+j501.791
2025-01-01 18:43:00.02 PST,1643.33+j540.137
2025-01-01 18:44:00.02 PST,1760+j578.484
2025-01-01 18:45:00.02 PST,1876.67+j616.831
2025-01-01 18:46:00.02 PST,1671.33+j549.341
2025-01-01 18:47:00.02 PST,1466.67+j482.07
2025-01-01 18:48:00.02 PST,1262+j414.799
2025-01-01 18:49:00.02 PST,1057.33+j347.529
2025-01-01 18:50:00.02 PST,852.667+j280.258
2025-01-01 18:51:00.02 PST,828.667+j272.37
2025-01-01 18:52:00.02 PST,803.333+j264.043
2025-01-01 18:53:00.02 PST,778+j255.716
2025-01-01 18:54:00.02 PST,752.667+j247.39
2025-01-01 18:55:00.02 PST,727.333+j239.063
2025-01-01 18:56:00.02 PST,727.333+j239.063
2025-01-01 18:57:00.02 PST,728+j239.282
2025-01-01 18:58:00.02 PST,728.667+j239.501
2025-01-01 18:59:00.02 PST,729.333+j239.72
2025-01-01 19:00:00.02 PST,730+j239.939
2025-01-01 19:01:00.02 PST,731.333+j240.378
2025-01-01 19:02:00.02 PST,743.333+j244.322
2025-01-01 19:03:00.02 PST,755.333+j248.266
2025-01-01 19:04:00.02 PST,767.333+j252.21
2025-01-01 19:05:00.02 PST,779.333+j256.154
2025-01-01 19:06:00.02 PST,770+j253.087
2025-01-01 19:07:00.02 PST,762+j250.457
2025-01-01 19:08:00.02 PST,754+j247.828
2025-01-01 19:09:00.02 PST,746+j245.198
2025-01-01 19:10:00.02 PST,738+j242.569
2025-01-01 19:11:00.02 PST,738.667+j242.788
2025-01-01 19:12:00.02 PST,714.667+j234.9
2025-01-01 19:13:00.02 PST,690.667+j227.011
2025-01-01 19:14:00.02 PST,666.667+j219.123
2025-01-01 19:15:00.02 PST,642.667+j211.234
2025-01-01 19:16:00.02 PST,643.333+j211.453
2025-01-01 19:17:00.02 PST,658+j216.274
2025-01-01 19:18:00.02 PST,672.667+j221.095
2025-01-01 19:19:00.02 PST,687.333+j225.915
2025-01-01 19:20:00.02 PST,702+j230.736
2025-01-01 19:21:00.02 PST,696+j228.764
2025-01-01 19:22:00.02 PST,692+j227.449
2025-01-01 19:23:00.02 PST,688+j226.135
2025-01-01 19:24:00.02 PST,684+j224.82
2025-01-01 19:25:00.02 PST,680+j223.505
2025-01-01 19:26:00.02 PST,683.333+j224.601
2025-01-01 19:27:00.02 PST,674+j221.533
2025-01-01 19:28:00.02 PST,664.667+j218.465
2025-01-01 19:29:00.02 PST,655.333+j215.398
2025-01-01 19:30:00.02 PST,646+j212.33
2025-01-01 19:31:00.02 PST,640.667+j210.577
2025-01-01 19:32:00.02 PST,645.333+j212.111
2025-01-01 19:33:00.02 PST,650+j213.645
2025-01-01 19:34:00.02 PST,654.667+j215.179
2025-01-01 19:35:00.02 PST,659.333+j216.712
2025-01-01 19:36:00.02 PST,668+j219.561
2025-01-01 19:37:00.02 PST,675.333+j221.971
2025-01-01 19:38:00.02 PST,682.667+j224.382
2025-01-01 19:39:00.02 PST,690+j226.792
2025-01-01 19:40:00.02 PST,697.333+j229.202
2025-01-01 19:41:00.02 PST,698+j229.422
2025-01-01 19:42:00.02 PST,699.333+j229.86
2025-01-01 19:43:00.02 PST,700.667+j230.298
2025-01-01 19:44:00.02 PST,702+j230.736
2025-01-01 19:45:00.02 PST,703.333+j231.174
2025-01-01 19:46:00.02 PST,709.333+j233.146
2025-01-01 19:47:00.02 PST,710.667+j233.585
2025-01-01 19:48:00.02 PST,712+j234.023
2025-01-01 19:49:00.02 PST,713.333+j234.461
2025-01-01 19:50:00.02 PST,714.667+j234.9
2025-01-01 19:51:00.02 PST,708+j232.708
2025-01-01 19:52:00.02 PST,705.333+j231.832
2025-01-01 19:53:00.02 PST,702.667+j230.955
2025-01-01 19:54:00.02 PST,700+j230.079
2025-01-01 19:55:00.02 PST,697.333+j229.202
2025-01-01 19:56:00.02 PST,698+j229.422
2025-01-01 19:57:00.02 PST,700+j230.079
2025-01-01 19:58:00.02 PST,702+j230.736
2025-01-01 19:59:00.02 PST,704+j231.394
2025-01-01 20:00:00.02 PST,706+j232.051
2025-01-01 20:01:00.02 PST,762+j250.457
2025-01-01 20:02:00.02 PST,817.333+j268.644
2025-01-01 20:03:00.02 PST,872.667+j286.832
2025-01-01 20:04:00.02 PST,928+j305.019
2025-01-01 20:05:00.02 PST,983.333+j323.206
2025-01-01 20:06:00.02 PST,936.667+j307.868
2025-01-01 20:07:00.02 PST,888.667+j292.091
2025-01-01 20:08:00.02 PST,840.667+j276.314
2025-01-01 20:09:00.02 PST,792.667+j260.537
2025-01-01 20:10:00.02 PST,744.667+j244.76
2025-01-01 20:11:00.02 PST,743.333+j244.322
2025-01-01 20:12:00.02 PST,747.333+j245.636
2025-01-01 20:13:00.02 PST,751.333+j246.951
2025-01-01 20:14:00.02 PST,755.333+j248.266
2025-01-01 20:15:00.02 PST,759.333+j249.581
2025-01-01 20:16:00.02 PST,763.333+j250.895
2025-01-01 20:17:00.02 PST,759.333+j249.581
2025-01-01 20:18:00.02 PST,755.333+j248.266
2025-01-01 20:19:00.02 PST,751.333+j246.951
2025-01-01 20:20:00.02 PST,747.333+j245.636
2025-01-01 20:21:00.02 PST,744+j244.541
2025-01-01 20:22:00.02 PST,744.667+j244.76
2025-01-01 20:23:00.02 PST,745.333+j244.979
2025-01-01 20:24:00.02 PST,746+j245.198
2025-01-01 20:25:00.02 PST,746.667+j245.418
2025-01-01 20:26:00.02 PST,725.333+j238.405
2025-01-01 20:27:00.02 PST,706+j232.051
2025-01-01 20:28:00.02 PST,686.667+j225.697
2025-01-01 20:29:00.02 PST,667.333+j219.342
2025-01-01 20:30:00.02 PST,648+j212.987
2025-01-01 20:31:00.02 PST,652.667+j214.521
2025-01-01 20:32:00.02 PST,655.333+j215.398
2025-01-01 20:33:00.02 PST,658+j216.274
2025-01-01 20:34:00.02 PST,660.667+j217.151
2025-01-01 20:35:00.02 PST,663.333+j218.027
2025-01-01 20:36:00.02 PST,658.667+j216.493
2025-01-01 20:37:00.02 PST,654.667+j215.179
2025-01-01 20:38:00.02 PST,650.667+j213.864
2025-01-01 20:39:00.02 PST,646.667+j212.549
2025-01-01 20:40:00.02 PST,642.667+j211.234
2025-01-01 20:41:00.02 PST,649.333+j213.425
2025-01-01 20:42:00.02 PST,660.667+j217.151
2025-01-01 20:43:00.02 PST,672+j220.876
2025-01-01 20:44:00.02 PST,683.333+j224.601
2025-01-01 20:45:00.02 PST,694.667+j228.326
2025-01-01 20:46:00.02 PST,700+j230.079
2025-01-01 20:47:00.02 PST,700+j230.079
2025-01-01 20:48:00.02 PST,700+j230.079
2025-01-01 20:49:00.02 PST,700+j230.079
2025-01-01 20:50:00.02 PST,700+j230.079
2025-01-01 20:51:00.02 PST,695.333+j228.545
2025-01-01 20:52:00.02 PST,690+j226.792
2025-01-01 20:53:00.02 PST,684.667+j225.039
2025-01-01 20:54:00.02 PST,679.333+j223.286
2025-01-01 20:55:00.02 PST,674+j221.533
2025-01-01 20:56:00.02 PST,679.333+j223.286
2025-01-01 20:57:00.02 PST,688+j226.135
2025-01-01 20:58:00.02 PST,696.667+j228.983
2025-01-01 20:59:00.02 PST,705.333+j231.832
2025-01-01 21:00:00.02 PST,714+j234.68
2025-01-01 21:01:00.02 PST,734+j241.254
2025-01-01 21:02:00.02 PST,748.667+j246.075
2025-01-01 21:03:00.02 PST,763.333+j250.895
2025-01-01 21:04:00.02 PST,778+j255.716
2025-01-01 21:05:00.02 PST,792.667+j260.537
2025-01-01 21:06:00.02 PST,764.667+j251.334
2025-01-01 21:07:00.02 PST,737.333+j242.35
2025-01-01 21:08:00.02 PST,710+j233.366
2025-01-01 21:09:00.02 PST,682.667+j224.382
2025-01-01 21:10:00.02 PST,655.333+j215.398
2025-01-01 21:11:00.02 PST,676.667+j222.41
2025-01-01 21:12:00.02 PST,702.667+j230.955
2025-01-01 21:13:00.02 PST,728.667+j239.501
2025-01-01 21:14:00.02 PST,754.667+j248.047
2025-01-01 21:15:00.02 PST,780.667+j256.593
2025-01-01 21:16:00.02 PST,764.667+j251.334
2025-01-01 21:17:00.02 PST,745.333+j244.979
2025-01-01 21:18:00.02 PST,726+j238.625
2025-01-01 21:19:00.02 PST,706.667+j232.27
2025-01-01 21:20:00.02 PST,687.333+j225.915
2025-01-01 21:21:00.02 PST,698.667+j229.641
2025-01-01 21:22:00.02 PST,704.667+j231.613
2025-01-01 21:23:00.02 PST,710.667+j233.585
2025-01-01 21:24:00.02 PST,716.667+j235.557
2025-01-01 21:25:00.02 PST,722.667+j237.529
2025-01-01 21:26:00.02 PST,706.667+j232.27
2025-01-01 21:27:00.02 PST,697.333+j229.202
2025-01-01 21:28:00.02 PST,688+j226.135
2025-01-01 21:29:00.02 PST,678.667+j223.067
2025-01-01 21:30:00.02 PST,669.333+j219.999
2025-01-01 21:31:00.02 PST,654.667+j215.179
2025-01-01 21:32:00.02 PST,636.667+j209.262
2025-01-01 21:33:00.02 PST,618.667+j203.346
2025-01-01 21:34:00.02 PST,600.667+j197.43
2025-01-01 21:35:00.02 PST,582.667+j191.513
2025-01-01 21:36:00.02 PST,578.667+j190.199
2025-01-01 21:37:00.02 PST,577.333+j189.76
2025-01-01 21:38:00.02 PST,576+j189.322
2025-01-01 21:39:00.02 PST,574.667+j188.884
2025-01-01 21:40:00.02 PST,573.333+j188.445
2025-01-01 21:41:00.02 PST,575.333+j189.103
2025-01-01 21:42:00.02 PST,577.333+j189.76
2025-01-01 21:43:00.02 PST,579.333+j190.418
2025-01-01 21:44:00.02 PST,581.333+j191.075
2025-01-01 21:45:00.02 PST,583.333+j191.732
2025-01-01 21:46:00.02 PST,603.333+j198.306
2025-01-01 21:47:00.02 PST,622+j204.442
2025-01-01 21:48:00.02 PST,640.667+j210.577
2025-01-01 21:49:00.02 PST,659.333+j216.712
2025-01-01 21:50:00.02 PST,678+j222.848
2025-01-01 21:51:00.02 PST,654+j214.959
2025-01-01 21:52:00.02 PST,632.667+j207.948
2025-01-01 21:53:00.02 PST,611.333+j200.935
2025-01-01 21:54:00.02 PST,590+j193.924
2025-01-01 21:55:00.02 PST,568.667+j186.912
2025-01-01 21:56:00.02 PST,570.667+j187.569
2025-01-01 21:57:00.02 PST,564.667+j185.597
2025-01-01 21:58:00.02 PST,558.667+j183.625
2025-01-01 21:59:00.02 PST,552.667+j181.653
2025-01-01 22:00:00.02 PST,546.667+j179.681
2025-01-01 22:01:00.02 PST,538.667+j177.051
2025-01-01 22:02:00.02 PST,536+j176.175
2025-01-01 22:03:00.02 PST,533.333+j175.298
2025-01-01 22:04:00.02 PST,530.667+j174.422
2025-01-01 22:05:00.02 PST,528+j173.545
2025-01-01 22:06:00.02 PST,536.667+j176.394
2025-01-01 22:07:00.02 PST,548+j180.119
2025-01-01 22:08:00.02 PST,559.333+j183.844
2025-01-01 22:09:00.02 PST,570.667+j187.569
2025-01-01 22:10:00.02 PST,582+j191.294
2025-01-01 22:11:00.02 PST,572.667+j188.227
2025-01-01 22:12:00.02 PST,561.333+j184.501
2025-01-01 22:13:00.02 PST,550+j180.776
2025-01-01 22:14:00.02 PST,538.667+j177.051
2025-01-01 22:15:00.02 PST,527.333+j173.326
2025-01-01 22:16:00.02 PST,518.667+j170.478
2025-01-01 22:17:00.02 PST,510.667+j167.848
2025-01-01 22:18:00.02 PST,502.667+j165.219
2025-01-01 22:19:00.02 PST,494.667+j162.589
2025-01-01 22:20:00.02 PST,486.667+j159.96
2025-01-01 22:21:00.02 PST,499.333+j164.123
2025-01-01 22:22:00.02 PST,524.667+j172.45
2025-01-01 22:23:00.02 PST,550+j180.776
2025-01-01 22:24:00.02 PST,575.333+j189.103
2025-01-01 22:25:00.02 PST,600.667+j197.43
2025-01-01 22:26:00.02 PST,611.333+j200.935
2025-01-01 22:27:00.02 PST,602+j197.868
2025-01-01 22:28:00.02 PST,592.667+j194.8
2025-01-01 22:29:00.02 PST,583.333+j191.732
2025-01-01 22:30:00.02 PST,574+j188.665
2025-01-01 22:31:00.02 PST,565.333+j185.816
2025-01-01 22:32:00.02 PST,570+j187.35
2025-01-01 22:33:00.02 PST,574.667+j188.884
2025-01-01 22:34:00.02 PST,579.333+j190.418
2025-01-01 22:35:00.02 PST,584+j191.952
2025-01-01 22:36:00.02 PST,592+j194.581
2025-01-01 22:37:00.02 PST,587.333+j193.047
2025-01-01 22:38:00.02 PST,582.667+j191.513
2025-01-01 22:39:00.02 PST,578+j189.979
2025-01-01 22:40:00.02 PST,573.333+j188.445
2025-01-01 22:41:00.02 PST,566.667+j186.254
2025-01-01 22:42:00.02 PST,573.333+j188.445
2025-01-01 22:43:00.02 PST,580+j190.637
2025-01-01 22:44:00.02 PST,586.667+j192.828
2025-01-01 22:45:00.02 PST,593.333+j195.019
2025-01-01 22:46:00.02 PST,600+j197.21
2025-01-01 22:47:00.02 PST,595.333+j195.676
2025-01-01 22:48:00.02 PST,590.667+j194.143
2025-01-01 22:49:00.02 PST,586+j192.609
2025-01-01 22:50:00.02 PST,581.333+j191.075
2025-01-01 22:51:00.02 PST,572+j188.007
2025-01-01 22:52:00.02 PST,572+j188.007
2025-01-01 22:53:00.02 PST,572+j188.007
2025-01-01 22:54:00.02 PST,572+j188.007
2025-01-01 22:55:00.02 PST,572+j188.007
2025-01-01 22:56:00.02 PST,564.667+j185.597
2025-01-01 22:57:00.02 PST,548+j180.119
2025-01-01 22:58:00.02 PST,531.333+j174.641
2025-01-01 22:59:00.02 PST,514.667+j169.163
2025-01-01 23:00:00.02 PST,498+j163.685
2025-01-01 23:01:00.02 PST,479.333+j157.549
2025-01-01 23:02:00.02 PST,458.667+j150.757
2025-01-01 23:03:00.02 PST,438+j143.964
2025-01-01 23:04:00.02 PST,417.333+j137.171
2025-01-01 23:05:00.02 PST,396.667+j130.378
2025-01-01 23:06:00.02 PST,394.667+j129.721
2025-01-01 23:07:00.02 PST,400.667+j131.693
2025-01-01 23:08:00.02 PST,406.667+j133.665
2025-01-01 23:09:00.02 PST,412.667+j135.637
2025-01-01 23:10:00.02 PST,418.667+j137.609
2025-01-01 23:11:00.02 PST,417.333+j137.171
2025-01-01 23:12:00.02 PST,414.667+j136.294
2025-01-01 23:13:00.02 PST,412+j135.418
2025-01-01 23:14:00.02 PST,409.333+j134.541
2025-01-01 23:15:00.02 PST,406.667+j133.665
2025-01-01 23:16:00.02 PST,418+j137.39
2025-01-01 23:17:00.02 PST,429.333+j141.115
2025-01-01 23:18:00.02 PST,440.667+j144.84
2025-01-01 23:19:00.02 PST,452+j148.565
2025-01-01 23:20:00.02 PST,463.333+j152.29
2025-01-01 23:21:00.02 PST,462+j151.852
2025-01-01 23:22:00.02 PST,460.667+j151.414
2025-01-01 23:23:00.02 PST,459.333+j150.975
2025-01-01 23:24:00.02 PST,458+j150.537
2025-01-01 23:25:00.02 PST,456.667+j150.099
2025-01-01 23:26:00.02 PST,460.667+j151.414
2025-01-01 23:27:00.02 PST,464+j152.509
2025-01-01 23:28:00.02 PST,467.333+j153.605
2025-01-01 23:29:00.02 PST,470.667+j154.701
2025-01-01 23:30:00.02 PST,474+j155.796
2025-01-01 23:31:00.02 PST,467.333+j153.605
2025-01-01 23:32:00.02 PST,461.333+j151.633
2025-01-01 23:33:00.02 PST,455.333+j149.661
2025-01-01 23:34:00.02 PST,449.333+j147.689
2025-01-01 23:35:00.02 PST,443.333+j145.717
2025-01-01 23:36:00.02 PST,442.667+j145.498
2025-01-01 23:37:00.02 PST,442.667+j145.498
2025-01-01 23:38:00.02 PST,442.667+j145.498
2025-01-01 23:39:00.02 PST,442.667+j145.498
2025-01-01 23:40:00.02 PST,442.667+j145.498
2025-01-01 23:41:00.02 PST,452+j148.565
2025-01-01 23:42:00.02 PST,460.667+j151.414
2025-01-01 23:43:00.02 PST,469.333+j154.262
2025-01-01 23:44:00.02 PST,478+j157.111
2025-01-01 23:45:00.02 PST,486.667+j159.96
2025-01-01 23:46:00.02 PST,487.333+j160.179
2025-01-01 23:47:00.02 PST,487.333+j160.179
2025-01-01 23:48:00.02 PST,487.333+j160.179
2025-01-01 23:49:00.02 PST,487.333+j160.179
2025-01-01 23:50:00.02 PST,487.333+j160.179
2025-01-01 23:51:00.02 PST,503.333+j165.438
2025-01-01 23:52:00.02 PST,518.667+j170.478
2025-01-01 23:53:00.02 PST,534+j175.517
2025-01-01 23:54:00.02 PST,549.333+j180.557
2025-01-01 23:55:00.02 PST,564.667+j185.597
2025-01-01 23:56:00.02 PST,560+j184.063
2025-01-01 23:57:00.02 PST,558.667+j183.625
2025-01-01 23:58:00.02 PST,557.333+j183.186
2025-01-01 23:59:00.02 PST,556+j182.748
