#timestamp,constant_power_C
2025-01-01 00:00:00.00 PST,100+j0
2025-01-01 00:01:00.00 PST,1391+j457.2
2025-01-01 00:02:00.00 PST,674+j221.533
2025-01-01 00:03:00.00 PST,705+j231.722
2025-01-01 00:04:00.00 PST,706+j232.051
2025-01-01 00:05:00.00 PST,748+j245.856
2025-01-01 00:06:00.00 PST,1139+j374.371
2025-01-01 00:07:00.00 PST,1140+j374.7
2025-01-01 00:08:00.00 PST,1143+j375.686
2025-01-01 00:09:00.00 PST,745+j244.87
2025-01-01 00:10:00.02 PST,747+j245.527
2025-01-01 00:11:00.02 PST,748+j245.856
2025-01-01 00:12:00.02 PST,749+j246.184
2025-01-01 00:13:00.02 PST,1387+j455.885
2025-01-01 00:14:00.02 PST,2045+j672.159
2025-01-01 00:15:00.02 PST,2043+j671.502
2025-01-01 00:16:00.02 PST,2047+j672.816
2025-01-01 00:17:00.02 PST,1748+j574.54
2025-01-01 00:18:00.02 PST,1083+j355.965
2025-01-01 00:19:00.02 PST,363+j119.312
2025-01-01 00:20:00.02 PST,633+j208.057
2025-01-01 00:21:00.02 PST,634+j208.386
2025-01-01 00:22:00.02 PST,637+j209.372
2025-01-01 00:23:00.02 PST,624+j205.099
2025-01-01 00:24:00.02 PST,557+j183.077
2025-01-01 00:25:00.02 PST,544+j178.804
2025-01-01 00:26:00.02 PST,578+j189.979
2025-01-01 00:27:00.02 PST,305+j100.249
2025-01-01 00:28:00.02 PST,292+j95.976
2025-01-01 00:29:00.02 PST,286+j94.004
2025-01-01 00:30:00.02 PST,381+j125.229
2025-01-01 00:31:00.02 PST,567+j186.364
2025-01-01 00:32:00.02 PST,576+j189.322
2025-01-01 00:33:00.02 PST,552+j181.434
2025-01-01 00:34:00.02 PST,536+j176.175
2025-01-01 00:35:00.02 PST,544+j178.804
2025-01-01 00:36:00.02 PST,554+j182.091
2025-01-01 00:37:00.02 PST,567+j186.364
2025-01-01 00:38:00.02 PST,294+j96.633
2025-01-01 00:39:00.02 PST,283+j93.018
2025-01-01 00:40:00.02 PST,316+j103.864
2025-01-01 00:41:00.02 PST,575+j188.993
2025-01-01 00:42:00.02 PST,185+j60.807
2025-01-01 00:43:00.02 PST,200+j65.737
2025-01-01 00:44:00.02 PST,375+j123.257
2025-01-01 00:45:00.02 PST,376+j123.585
2025-01-01 00:46:00.02 PST,406+j133.446
2025-01-01 00:47:00.02 PST,426+j140.019
2025-01-01 00:48:00.02 PST,496+j163.027
2025-01-01 00:49:00.02 PST,482+j158.426
2025-01-01 00:50:00.02 PST,495+j162.699
2025-01-01 00:51:00.02 PST,1228+j403.624
2025-01-01 00:52:00.02 PST,1134+j372.728
2025-01-01 00:53:00.02 PST,1117+j367.14
2025-01-01 00:54:00.02 PST,1752+j575.855
2025-01-01 00:55:00.02 PST,1753+j576.183
2025-01-01 00:56:00.02 PST,1777+j584.072
2025-01-01 00:57:00.02 PST,1785+j586.701
2025-01-01 00:58:00.02 PST,1123+j369.112
2025-01-01 00:59:00.02 PST,324+j106.494
2025-01-01 01:00:00.02 PST,315+j103.535
2025-01-01 01:01:00.02 PST,291+j95.647
2025-01-01 01:02:00.02 PST,288+j94.661
2025-01-01 01:03:00.02 PST,278+j91.374
2025-01-01 01:04:00.02 PST,277+j91.045
2025-01-01 01:05:00.02 PST,274+j90.059
2025-01-01 01:06:00.02 PST,270+j88.745
2025-01-01 01:07:00.02 PST,267+j87.759
2025-01-01 01:08:00.02 PST,443+j145.607
2025-01-01 01:09:00.02 PST,362+j118.984
2025-01-01 01:10:00.02 PST,357+j117.34
2025-01-01 01:11:00.02 PST,1020+j335.258
2025-01-01 01:12:00.02 PST,1006+j330.656
2025-01-01 01:13:00.02 PST,1016+j333.943
2025-01-01 01:14:00.02 PST,1019+j334.929
2025-01-01 01:15:00.02 PST,373+j122.599
2025-01-01 01:16:00.02 PST,363+j119.312
2025-01-01 01:17:00.02 PST,367+j120.627
2025-01-01 01:18:00.02 PST,964+j316.851
2025-01-01 01:19:00.02 PST,974+j320.138
2025-01-01 01:20:00.02 PST,983+j323.096
2025-01-01 01:21:00.02 PST,980+j322.11
2025-01-01 01:22:00.02 PST,350+j115.039
2025-01-01 01:23:00.02 PST,349+j114.711
2025-01-01 01:24:00.02 PST,339+j111.424
2025-01-01 01:25:00.02 PST,339+j111.424
2025-01-01 01:26:00.02 PST,349+j114.711
2025-01-01 01:27:00.02 PST,348+j114.382
2025-01-01 01:28:00.02 PST,995+j327.041
2025-01-01 01:29:00.02 PST,1015+j333.614
2025-01-01 01:30:00.02 PST,1018+j334.6
2025-01-01 01:31:00.02 PST,1014+j333.286
2025-01-01 01:32:00.02 PST,364+j119.641
2025-01-01 01:33:00.02 PST,374+j122.928
2025-01-01 01:34:00.02 PST,364+j119.641
2025-01-01 01:35:00.02 PST,974+j320.138
2025-01-01 01:36:00.02 PST,974+j320.138
2025-01-01 01:37:00.02 PST,984+j323.425
2025-01-01 01:38:00.02 PST,991+j325.726
2025-01-01 01:39:00.02 PST,361+j118.655
2025-01-01 01:40:00.02 PST,361+j118.655
2025-01-01 01:41:00.02 PST,362+j118.984
2025-01-01 01:42:00.02 PST,349+j114.711
2025-01-01 01:43:00.02 PST,1012+j332.628
2025-01-01 01:44:00.02 PST,1008+j331.314
2025-01-01 01:45:00.02 PST,1011+j332.3
2025-01-01 01:46:00.02 PST,1021+j335.586
2025-01-01 01:47:00.02 PST,360+j118.326
2025-01-01 01:48:00.02 PST,363+j119.312
2025-01-01 01:49:00.02 PST,366+j120.298
2025-01-01 01:50:00.02 PST,366+j120.298
2025-01-01 01:51:00.02 PST,372+j122.27
2025-01-01 01:52:00.02 PST,372+j122.27
2025-01-01 01:53:00.02 PST,982+j322.768
2025-01-01 01:54:00.02 PST,995+j327.041
2025-01-01 01:55:00.02 PST,999+j328.355
2025-01-01 01:56:00.02 PST,1009+j331.642
2025-01-01 01:57:00.02 PST,375+j123.257
2025-01-01 01:58:00.02 PST,952+j312.907
2025-01-01 01:59:00.02 PST,1022+j335.915
2025-01-01 02:00:00.02 PST,1032+j339.202
2025-01-01 02:01:00.02 PST,1042+j342.489
2025-01-01 02:02:00.02 PST,372+j122.27
2025-01-01 02:03:00.02 PST,367+j120.627
2025-01-01 02:04:00.02 PST,361+j118.655
2025-01-01 02:05:00.02 PST,332+j109.123
2025-01-01 02:06:00.02 PST,330+j108.466
2025-01-01 02:07:00.02 PST,321+j105.508
2025-01-01 02:08:00.02 PST,326+j107.151
2025-01-01 02:09:00.02 PST,330+j108.466
2025-01-01 02:10:00.02 PST,955+j313.893
2025-01-01 02:11:00.02 PST,960+j315.537
2025-01-01 02:12:00.02 PST,964+j316.851
2025-01-01 02:13:00.02 PST,963+j316.523
2025-01-01 02:14:00.02 PST,1002+j329.341
2025-01-01 02:15:00.02 PST,1000+j328.684
2025-01-01 02:16:00.02 PST,999+j328.355
2025-01-01 02:17:00.02 PST,1008+j331.314
2025-01-01 02:18:00.02 PST,341+j112.081
2025-01-01 02:19:00.02 PST,340+j111.753
2025-01-01 02:20:00.02 PST,340+j111.753
2025-01-01 02:21:00.02 PST,342+j112.41
2025-01-01 02:22:00.02 PST,333+j109.452
2025-01-01 02:23:00.02 PST,345+j113.396
2025-01-01 02:24:00.02 PST,346+j113.725
2025-01-01 02:25:00.02 PST,338+j111.095
2025-01-01 02:26:00.02 PST,333+j109.452
2025-01-01 02:27:00.02 PST,966+j317.509
2025-01-01 02:28:00.02 PST,932+j306.334
2025-01-01 02:29:00.02 PST,1542+j506.831
2025-01-01 02:30:00.02 PST,1672+j549.56
2025-01-01 02:31:00.02 PST,1055+j346.762
2025-01-01 02:32:00.02 PST,1042+j342.489
2025-01-01 02:33:00.02 PST,312+j102.549
2025-01-01 02:34:00.02 PST,312+j102.549
2025-01-01 02:35:00.02 PST,312+j102.549
2025-01-01 02:36:00.02 PST,312+j102.549
2025-01-01 02:37:00.02 PST,312+j102.549
2025-01-01 02:38:00.02 PST,312+j102.549
2025-01-01 02:39:00.02 PST,218+j71.653
2025-01-01 02:40:00.02 PST,221+j72.639
2025-01-01 02:41:00.02 PST,241+j79.213
2025-01-01 02:42:00.02 PST,247+j81.185
2025-01-01 02:43:00.02 PST,237+j77.898
2025-01-01 02:44:00.02 PST,880+j289.242
2025-01-01 02:45:00.02 PST,1521+j499.929
2025-01-01 02:46:00.02 PST,1522+j500.257
2025-01-01 02:47:00.02 PST,1509+j495.984
2025-01-01 02:48:00.02 PST,841+j276.423
2025-01-01 02:49:00.02 PST,216+j70.996
2025-01-01 02:50:00.02 PST,217+j71.324
2025-01-01 02:51:00.02 PST,213+j70.01
2025-01-01 02:52:00.02 PST,209+j68.695
2025-01-01 02:53:00.02 PST,206+j67.709
2025-01-01 02:54:00.02 PST,205+j67.38
2025-01-01 02:55:00.02 PST,205+j67.38
2025-01-01 02:56:00.02 PST,208+j68.366
2025-01-01 02:57:00.02 PST,208+j68.366
2025-01-01 02:58:00.02 PST,216+j70.996
2025-01-01 02:59:00.02 PST,207+j68.038
2025-01-01 03:00:00.02 PST,211+j69.352
2025-01-01 03:01:00.02 PST,839+j275.766
2025-01-01 03:02:00.02 PST,1466+j481.851
2025-01-01 03:03:00.02 PST,1462+j480.536
2025-01-01 03:04:00.02 PST,825+j271.164
2025-01-01 03:05:00.02 PST,822+j270.178
2025-01-01 03:06:00.02 PST,211+j69.352
2025-01-01 03:07:00.02 PST,211+j69.352
2025-01-01 03:08:00.02 PST,211+j69.352
2025-01-01 03:09:00.02 PST,211+j69.352
2025-01-01 03:10:00.02 PST,211+j69.352
2025-01-01 03:11:00.02 PST,204+j67.052
2025-01-01 03:12:00.02 PST,244+j80.199
2025-01-01 03:13:00.02 PST,241+j79.213
2025-01-01 03:14:00.02 PST,241+j79.213
2025-01-01 03:15:00.02 PST,241+j79.213
2025-01-01 03:16:00.02 PST,811+j266.563
2025-01-01 03:17:00.02 PST,891+j292.858
2025-01-01 03:18:00.02 PST,892+j293.186
2025-01-01 03:19:00.02 PST,1502+j493.684
2025-01-01 03:20:00.02 PST,1502+j493.684
2025-01-01 03:21:00.02 PST,855+j281.025
2025-01-01 03:22:00.02 PST,859+j282.34
2025-01-01 03:23:00.02 PST,245+j80.528
2025-01-01 03:24:00.02 PST,235+j77.241
2025-01-01 03:25:00.02 PST,245+j80.528
2025-01-01 03:26:00.02 PST,245+j80.528
2025-01-01 03:27:00.02 PST,332+j109.123
2025-01-01 03:28:00.02 PST,332+j109.123
2025-01-01 03:29:00.02 PST,332+j109.123
2025-01-01 03:30:00.02 PST,332+j109.123
2025-01-01 03:31:00.02 PST,332+j109.123
2025-01-01 03:32:00.02 PST,332+j109.123
2025-01-01 03:33:00.02 PST,1031+j338.873
2025-01-01 03:34:00.02 PST,1081+j355.308
2025-01-01 03:35:00.02 PST,1664+j546.93
2025-01-01 03:36:00.02 PST,1684+j553.504
2025-01-01 03:37:00.02 PST,951+j312.579
2025-01-01 03:38:00.02 PST,948+j311.593
2025-01-01 03:39:00.02 PST,946+j310.935
2025-01-01 03:40:00.02 PST,323+j106.165
2025-01-01 03:41:00.02 PST,321+j105.508
2025-01-01 03:42:00.02 PST,318+j104.522
2025-01-01 03:43:00.02 PST,315+j103.535
2025-01-01 03:44:00.02 PST,315+j103.535
2025-01-01 03:45:00.02 PST,319+j104.85
2025-01-01 03:46:00.02 PST,318+j104.522
2025-01-01 03:47:00.02 PST,315+j103.535
2025-01-01 03:48:00.02 PST,1025+j336.901
2025-01-01 03:49:00.02 PST,965+j317.18
2025-01-01 03:50:00.02 PST,978+j321.453
2025-01-01 03:51:00.02 PST,974+j320.138
2025-01-01 03:52:00.02 PST,284+j93.346
2025-01-01 03:53:00.02 PST,261+j85.787
2025-01-01 03:54:00.02 PST,871+j286.284
2025-01-01 03:55:00.02 PST,881+j289.571
2025-01-01 03:56:00.02 PST,878+j288.585
2025-01-01 03:57:00.02 PST,878+j288.585
2025-01-01 03:58:00.02 PST,268+j88.087
2025-01-01 03:59:00.02 PST,278+j91.374
2025-01-01 04:00:00.02 PST,265+j87.101
2025-01-01 04:01:00.02 PST,267+j87.759
2025-01-01 04:02:00.02 PST,272+j89.402
2025-01-01 04:03:00.02 PST,273+j89.731
2025-01-01 04:04:00.02 PST,275+j90.388
2025-01-01 04:05:00.02 PST,276+j90.717
2025-01-01 04:06:00.02 PST,276+j90.717
2025-01-01 04:07:00.02 PST,276+j90.717
2025-01-01 04:08:00.02 PST,276+j90.717
2025-01-01 04:09:00.02 PST,276+j90.717
2025-01-01 04:10:00.02 PST,276+j90.717
2025-01-01 04:11:00.02 PST,278+j91.374
2025-01-01 04:12:00.02 PST,889+j292.2
2025-01-01 04:13:00.02 PST,891+j292.858
2025-01-01 04:14:00.02 PST,893+j293.515
2025-01-01 04:15:00.02 PST,894+j293.844
2025-01-01 04:16:00.02 PST,284+j93.346
2025-01-01 04:17:00.02 PST,304+j99.92
2025-01-01 04:18:00.02 PST,304+j99.92
2025-01-01 04:19:00.02 PST,294+j96.633
2025-01-01 04:20:00.02 PST,305+j100.249
2025-01-01 04:21:00.02 PST,295+j96.962
2025-01-01 04:22:00.02 PST,925+j304.033
2025-01-01 04:23:00.02 PST,939+j308.634
2025-01-01 04:24:00.02 PST,943+j309.949
2025-01-01 04:25:00.02 PST,946+j310.935
2025-01-01 04:26:00.02 PST,310+j101.892
2025-01-01 04:27:00.02 PST,314+j103.207
2025-01-01 04:28:00.02 PST,314+j103.207
2025-01-01 04:29:00.02 PST,320+j105.179
2025-01-01 04:30:00.02 PST,930+j305.676
2025-01-01 04:31:00.02 PST,920+j302.389
2025-01-01 04:32:00.02 PST,919+j302.061
2025-01-01 04:33:00.02 PST,917+j301.403
2025-01-01 04:34:00.02 PST,309+j101.563
2025-01-01 04:35:00.02 PST,307+j100.906
2025-01-01 04:36:00.02 PST,301+j98.934
2025-01-01 04:37:00.02 PST,299+j98.277
2025-01-01 04:38:00.02 PST,309+j101.563
2025-01-01 04:39:00.02 PST,318+j104.522
2025-01-01 04:40:00.02 PST,297+j97.619
2025-01-01 04:41:00.02 PST,975+j320.467
2025-01-01 04:42:00.02 PST,976+j320.796
2025-01-01 04:43:00.02 PST,980+j322.11
2025-01-01 04:44:00.02 PST,1254+j412.17
2025-01-01 04:45:00.02 PST,981+j322.439
2025-01-01 04:46:00.02 PST,883+j290.228
2025-01-01 04:47:00.02 PST,229+j75.269
2025-01-01 04:48:00.02 PST,883+j290.228
2025-01-01 04:49:00.02 PST,901+j296.144
2025-01-01 04:50:00.02 PST,966+j317.509
2025-01-01 04:51:00.02 PST,994+j326.712
2025-01-01 04:52:00.02 PST,435+j142.978
2025-01-01 04:53:00.02 PST,389+j127.858
2025-01-01 04:54:00.02 PST,349+j114.711
2025-01-01 04:55:00.02 PST,316+j103.864
2025-01-01 04:56:00.02 PST,283+j93.018
2025-01-01 04:57:00.02 PST,240+j78.884
2025-01-01 04:58:00.02 PST,242+j79.542
2025-01-01 04:59:00.02 PST,236+j77.569
2025-01-01 05:00:00.02 PST,231+j75.926
2025-01-01 05:01:00.02 PST,226+j74.283
2025-01-01 05:02:00.02 PST,221+j72.639
2025-01-01 05:03:00.02 PST,347+j114.053
2025-01-01 05:04:00.02 PST,351+j115.368
2025-01-01 05:05:00.02 PST,201+j66.066
2025-01-01 05:06:00.02 PST,198+j65.079
2025-01-01 05:07:00.02 PST,198+j65.079
2025-01-01 05:08:00.02 PST,200+j65.737
2025-01-01 05:09:00.02 PST,202+j66.394
2025-01-01 05:10:00.02 PST,238+j78.227
2025-01-01 05:11:00.02 PST,234+j76.912
2025-01-01 05:12:00.02 PST,239+j78.556
2025-01-01 05:13:00.02 PST,237+j77.898
2025-01-01 05:14:00.02 PST,235+j77.241
2025-01-01 05:15:00.02 PST,239+j78.556
2025-01-01 05:16:00.02 PST,227+j74.611
2025-01-01 05:17:00.02 PST,228+j74.94
2025-01-01 05:18:00.02 PST,226+j74.283
2025-01-01 05:19:00.02 PST,230+j75.597
2025-01-01 05:20:00.02 PST,232+j76.255
2025-01-01 05:21:00.02 PST,236+j77.569
2025-01-01 05:22:00.02 PST,418+j137.39
2025-01-01 05:23:00.02 PST,450+j147.908
2025-01-01 05:24:00.02 PST,433+j142.32
2025-01-01 05:25:00.02 PST,426+j140.019
2025-01-01 05:26:00.02 PST,365+j119.97
2025-01-01 05:27:00.02 PST,418+j137.39
2025-01-01 05:28:00.02 PST,365+j119.97
2025-01-01 05:29:00.02 PST,312+j102.549
2025-01-01 05:30:00.02 PST,983+j323.096
2025-01-01 05:31:00.02 PST,1027+j337.559
2025-01-01 05:32:00.02 PST,1028+j337.887
2025-01-01 05:33:00.02 PST,1288+j423.345
2025-01-01 05:34:00.02 PST,1288+j423.345
2025-01-01 05:35:00.02 PST,1288+j423.345
2025-01-01 05:36:00.02 PST,1298+j426.632
2025-01-01 05:37:00.02 PST,1291+j424.331
2025-01-01 05:38:00.02 PST,1293+j424.989
2025-01-01 05:39:00.02 PST,1288+j423.345
2025-01-01 05:40:00.02 PST,1017+j334.272
2025-01-01 05:41:00.02 PST,1023+j336.244
2025-01-01 05:42:00.02 PST,1252+j411.512
2025-01-01 05:43:00.02 PST,562+j184.72
2025-01-01 05:44:00.02 PST,362+j118.984
2025-01-01 05:45:00.02 PST,362+j118.984
2025-01-01 05:46:00.02 PST,352+j115.697
2025-01-01 05:47:00.02 PST,352+j115.697
2025-01-01 05:48:00.02 PST,348+j114.382
2025-01-01 05:49:00.02 PST,375+j123.257
2025-01-01 05:50:00.02 PST,374+j122.928
2025-01-01 05:51:00.02 PST,371+j121.942
2025-01-01 05:52:00.02 PST,348+j114.382
2025-01-01 05:53:00.02 PST,1022+j335.915
2025-01-01 05:54:00.02 PST,1065+j350.049
2025-01-01 05:55:00.02 PST,1032+j339.202
2025-01-01 05:56:00.02 PST,1048+j344.461
2025-01-01 05:57:00.02 PST,365+j119.97
2025-01-01 05:58:00.02 PST,363+j119.312
2025-01-01 05:59:00.02 PST,419+j137.719
2025-01-01 06:00:00.02 PST,444+j145.936
2025-01-01 06:01:00.02 PST,436+j143.306
2025-01-01 06:02:00.02 PST,348+j114.382
2025-01-01 06:03:00.02 PST,335+j110.109
2025-01-01 06:04:00.02 PST,240+j78.884
2025-01-01 06:05:00.02 PST,301+j98.934
2025-01-01 06:06:00.02 PST,307+j100.906
2025-01-01 06:07:00.02 PST,216+j70.996
2025-01-01 06:08:00.02 PST,218+j71.653
2025-01-01 06:09:00.02 PST,219+j71.982
2025-01-01 06:10:00.02 PST,221+j72.639
2025-01-01 06:11:00.02 PST,222+j72.968
2025-01-01 06:12:00.02 PST,222+j72.968
2025-01-01 06:13:00.02 PST,225+j73.954
2025-01-01 06:14:00.02 PST,222+j72.968
2025-01-01 06:15:00.02 PST,222+j72.968
2025-01-01 06:16:00.02 PST,222+j72.968
2025-01-01 06:17:00.02 PST,222+j72.968
2025-01-01 06:18:00.02 PST,302+j99.263
2025-01-01 06:19:00.02 PST,225+j73.954
2025-01-01 06:20:00.02 PST,212+j69.681
2025-01-01 06:21:00.02 PST,212+j69.681
2025-01-01 06:22:00.02 PST,215+j70.667
2025-01-01 06:23:00.02 PST,212+j69.681
2025-01-01 06:24:00.02 PST,212+j69.681
2025-01-01 06:25:00.02 PST,922+j303.047
2025-01-01 06:26:00.02 PST,902+j296.473
2025-01-01 06:27:00.02 PST,905+j297.459
2025-01-01 06:28:00.02 PST,901+j296.144
2025-01-01 06:29:00.02 PST,921+j302.718
2025-01-01 06:30:00.02 PST,921+j302.718
2025-01-01 06:31:00.02 PST,921+j302.718
2025-01-01 06:32:00.02 PST,901+j296.144
2025-01-01 06:33:00.02 PST,921+j302.718
2025-01-01 06:34:00.02 PST,921+j302.718
2025-01-01 06:35:00.02 PST,921+j302.718
2025-01-01 06:36:00.02 PST,220+j72.311
2025-01-01 06:37:00.02 PST,218+j71.653
2025-01-01 06:38:00.02 PST,227+j74.611
2025-01-01 06:39:00.02 PST,215+j70.667
2025-01-01 06:40:00.02 PST,223+j73.297
2025-01-01 06:41:00.02 PST,213+j70.01
2025-01-01 06:42:00.02 PST,223+j73.297
2025-01-01 06:43:00.02 PST,223+j73.297
2025-01-01 06:44:00.02 PST,213+j70.01
2025-01-01 06:45:00.02 PST,213+j70.01
2025-01-01 06:46:00.02 PST,213+j70.01
2025-01-01 06:47:00.02 PST,913+j300.089
2025-01-01 06:48:00.02 PST,909+j298.774
2025-01-01 06:49:00.02 PST,923+j303.375
2025-01-01 06:50:00.02 PST,933+j306.662
2025-01-01 06:51:00.02 PST,303+j99.591
2025-01-01 06:52:00.02 PST,233+j76.583
2025-01-01 06:53:00.02 PST,233+j76.583
2025-01-01 06:54:00.02 PST,223+j73.297
2025-01-01 06:55:00.02 PST,224+j73.625
2025-01-01 06:56:00.02 PST,224+j73.625
2025-01-01 06:57:00.02 PST,225+j73.954
2025-01-01 06:58:00.02 PST,305+j100.249
2025-01-01 06:59:00.02 PST,224+j73.625
2025-01-01 07:00:00.02 PST,904+j297.13
2025-01-01 07:01:00.02 PST,924+j303.704
2025-01-01 07:02:00.02 PST,984+j323.425
2025-01-01 07:03:00.02 PST,931+j306.005
2025-01-01 07:04:00.02 PST,868+j285.298
2025-01-01 07:05:00.02 PST,165+j54.233
2025-01-01 07:06:00.02 PST,171+j56.205
2025-01-01 07:07:00.02 PST,258+j84.8
2025-01-01 07:08:00.02 PST,251+j82.5
2025-01-01 07:09:00.02 PST,297+j97.619
2025-01-01 07:10:00.02 PST,292+j95.976
2025-01-01 07:11:00.02 PST,228+j74.94
2025-01-01 07:12:00.02 PST,231+j75.926
2025-01-01 07:13:00.02 PST,221+j72.639
2025-01-01 07:14:00.02 PST,890+j292.529
2025-01-01 07:15:00.02 PST,917+j301.403
2025-01-01 07:16:00.02 PST,926+j304.361
2025-01-01 07:17:00.02 PST,929+j305.348
2025-01-01 07:18:00.02 PST,230+j75.597
2025-01-01 07:19:00.02 PST,220+j72.311
2025-01-01 07:20:00.02 PST,220+j72.311
2025-01-01 07:21:00.02 PST,221+j72.639
2025-01-01 07:22:00.02 PST,218+j71.653
2025-01-01 07:23:00.02 PST,221+j72.639
2025-01-01 07:24:00.02 PST,214+j70.338
2025-01-01 07:25:00.02 PST,198+j65.079
2025-01-01 07:26:00.02 PST,194+j63.765
2025-01-01 07:27:00.02 PST,904+j297.13
2025-01-01 07:28:00.02 PST,884+j290.557
2025-01-01 07:29:00.02 PST,898+j295.158
2025-01-01 07:30:00.02 PST,894+j293.844
2025-01-01 07:31:00.02 PST,184+j60.478
2025-01-01 07:32:00.02 PST,184+j60.478
2025-01-01 07:33:00.02 PST,184+j60.478
2025-01-01 07:34:00.02 PST,184+j60.478
2025-01-01 07:35:00.02 PST,184+j60.478
2025-01-01 07:36:00.02 PST,184+j60.478
2025-01-01 07:37:00.02 PST,184+j60.478
2025-01-01 07:38:00.02 PST,184+j60.478
2025-01-01 07:39:00.02 PST,924+j303.704
2025-01-01 07:40:00.02 PST,894+j293.844
2025-01-01 07:41:00.02 PST,909+j298.774
2025-01-01 07:42:00.02 PST,913+j300.089
2025-01-01 07:43:00.02 PST,207+j68.038
2025-01-01 07:44:00.02 PST,212+j69.681
2025-01-01 07:45:00.02 PST,236+j77.569
2025-01-01 07:46:00.02 PST,1892+j621.87
2025-01-01 07:47:00.02 PST,228+j74.94
2025-01-01 07:48:00.02 PST,193+j63.436
2025-01-01 07:49:00.02 PST,219+j71.982
2025-01-01 07:50:00.02 PST,231+j75.926
2025-01-01 07:51:00.02 PST,239+j78.556
2025-01-01 07:52:00.02 PST,861+j282.997
2025-01-01 07:53:00.02 PST,915+j300.746
2025-01-01 07:54:00.02 PST,910+j299.103
2025-01-01 07:55:00.02 PST,1034+j339.859
2025-01-01 07:56:00.02 PST,297+j97.619
2025-01-01 07:57:00.02 PST,299+j98.277
2025-01-01 07:58:00.02 PST,1074+j353.007
2025-01-01 07:59:00.02 PST,328+j107.808
2025-01-01 08:00:00.02 PST,303+j99.591
2025-01-01 08:01:00.02 PST,277+j91.045
2025-01-01 08:02:00.02 PST,312+j102.549
2025-01-01 08:03:00.02 PST,312+j102.549
2025-01-01 08:04:00.02 PST,282+j92.689
2025-01-01 08:05:00.02 PST,275+j90.388
2025-01-01 08:06:00.02 PST,1002+j329.341
2025-01-01 08:07:00.02 PST,1092+j358.923
2025-01-01 08:08:00.02 PST,1001+j329.013
2025-01-01 08:09:00.02 PST,1021+j335.586
2025-01-01 08:10:00.02 PST,491+j161.384
2025-01-01 08:11:00.02 PST,493+j162.041
2025-01-01 08:12:00.02 PST,275+j90.388
2025-01-01 08:13:00.02 PST,259+j85.129
2025-01-01 08:14:00.02 PST,263+j86.444
2025-01-01 08:15:00.02 PST,266+j87.43
2025-01-01 08:16:00.02 PST,268+j88.087
2025-01-01 08:17:00.02 PST,270+j88.745
2025-01-01 08:18:00.02 PST,268+j88.087
2025-01-01 08:19:00.02 PST,266+j87.43
2025-01-01 08:20:00.02 PST,984+j323.425
2025-01-01 08:21:00.02 PST,973+j319.81
2025-01-01 08:22:00.02 PST,978+j321.453
2025-01-01 08:23:00.02 PST,982+j322.768
2025-01-01 08:24:00.02 PST,266+j87.43
2025-01-01 08:25:00.02 PST,266+j87.43
2025-01-01 08:26:00.02 PST,292+j95.976
2025-01-01 08:27:00.02 PST,320+j105.179
2025-01-01 08:28:00.02 PST,349+j114.711
2025-01-01 08:29:00.02 PST,378+j124.243
2025-01-01 08:30:00.02 PST,407+j133.774
2025-01-01 08:31:00.02 PST,408+j134.103
2025-01-01 08:32:00.02 PST,409+j134.432
2025-01-01 08:33:00.02 PST,1122+j368.784
2025-01-01 08:34:00.02 PST,1145+j376.343
2025-01-01 08:35:00.02 PST,1148+j377.329
2025-01-01 08:36:00.02 PST,400+j131.474
2025-01-01 08:37:00.02 PST,373+j122.599
2025-01-01 08:38:00.02 PST,355+j116.683
2025-01-01 08:39:00.02 PST,313+j102.878
2025-01-01 08:40:00.02 PST,302+j99.263
2025-01-01 08:41:00.02 PST,309+j101.563
2025-01-01 08:42:00.02 PST,306+j100.577
2025-01-01 08:43:00.02 PST,365+j119.97
2025-01-01 08:44:00.02 PST,2674+j878.901
2025-01-01 08:45:00.02 PST,2653+j871.999
2025-01-01 08:46:00.02 PST,2697+j886.461
2025-01-01 08:47:00.02 PST,2644+j869.041
2025-01-01 08:48:00.02 PST,1991+j654.41
2025-01-01 08:49:00.02 PST,2569+j844.389
2025-01-01 08:50:00.02 PST,2533+j832.557
2025-01-01 08:51:00.02 PST,2595+j852.935
2025-01-01 08:52:00.02 PST,2534+j832.886
2025-01-01 08:53:00.02 PST,2590+j851.292
2025-01-01 08:54:00.02 PST,849+j279.053
2025-01-01 08:55:00.02 PST,898+j295.158
2025-01-01 08:56:00.02 PST,2564+j842.746
2025-01-01 08:57:00.02 PST,277+j91.045
2025-01-01 08:58:00.02 PST,1679+j551.861
2025-01-01 08:59:00.02 PST,1035+j340.188
2025-01-01 09:00:00.02 PST,1024+j336.573
2025-01-01 09:01:00.02 PST,1104+j362.867
2025-01-01 09:02:00.02 PST,324+j106.494
2025-01-01 09:03:00.02 PST,375+j123.257
2025-01-01 09:04:00.02 PST,422+j138.705
2025-01-01 09:05:00.02 PST,323+j106.165
2025-01-01 09:06:00.02 PST,311+j102.221
2025-01-01 09:07:00.02 PST,333+j109.452
2025-01-01 09:08:00.02 PST,338+j111.095
2025-01-01 09:09:00.02 PST,336+j110.438
2025-01-01 09:10:00.02 PST,340+j111.753
2025-01-01 09:11:00.02 PST,1079+j354.65
2025-01-01 09:12:00.02 PST,1041+j342.16
2025-01-01 09:13:00.02 PST,387+j127.201
2025-01-01 09:14:00.02 PST,387+j127.201
2025-01-01 09:15:00.02 PST,343+j112.739
2025-01-01 09:16:00.02 PST,329+j108.137
2025-01-01 09:17:00.02 PST,408+j134.103
2025-01-01 09:18:00.02 PST,370+j121.613
2025-01-01 09:19:00.02 PST,379+j124.571
2025-01-01 09:20:00.02 PST,314+j103.207
2025-01-01 09:21:00.02 PST,314+j103.207
2025-01-01 09:22:00.02 PST,323+j106.165
2025-01-01 09:23:00.02 PST,383+j125.886
2025-01-01 09:24:00.02 PST,332+j109.123
2025-01-01 09:25:00.02 PST,392+j128.844
2025-01-01 09:26:00.02 PST,522+j171.573
2025-01-01 09:27:00.02 PST,459+j150.866
2025-01-01 09:28:00.02 PST,462+j151.852
2025-01-01 09:29:00.02 PST,459+j150.866
2025-01-01 09:30:00.02 PST,312+j102.549
2025-01-01 09:31:00.02 PST,288+j94.661
2025-01-01 09:32:00.02 PST,610+j200.497
2025-01-01 09:33:00.02 PST,740+j243.226
2025-01-01 09:34:00.02 PST,780+j256.374
2025-01-01 09:35:00.02 PST,736+j241.912
2025-01-01 09:36:00.02 PST,765+j251.443
2025-01-01 09:37:00.02 PST,774+j254.401
2025-01-01 09:38:00.02 PST,723+j237.639
2025-01-01 09:39:00.02 PST,761+j250.129
2025-01-01 09:40:00.02 PST,760+j249.8
2025-01-01 09:41:00.02 PST,732+j240.597
2025-01-01 09:42:00.02 PST,724+j237.967
2025-01-01 09:43:00.02 PST,726+j238.625
2025-01-01 09:44:00.02 PST,718+j235.995
2025-01-01 09:45:00.02 PST,731+j240.268
2025-01-01 09:46:00.02 PST,848+j278.724
2025-01-01 09:47:00.02 PST,898+j295.158
2025-01-01 09:48:00.02 PST,887+j291.543
2025-01-01 09:49:00.02 PST,897+j294.83
2025-01-01 09:50:00.02 PST,937+j307.977
2025-01-01 09:51:00.02 PST,966+j317.509
2025-01-01 09:52:00.02 PST,956+j314.222
2025-01-01 09:53:00.02 PST,1026+j337.23
2025-01-01 09:54:00.02 PST,1066+j350.377
2025-01-01 09:55:00.02 PST,1276+j419.401
2025-01-01 09:56:00.02 PST,1226+j402.967
2025-01-01 09:57:00.02 PST,1416+j465.417
2025-01-01 09:58:00.02 PST,1314+j431.891
2025-01-01 09:59:00.02 PST,1317+j432.877
2025-01-01 10:00:00.02 PST,1328+j436.492
2025-01-01 10:01:00.02 PST,1311+j430.905
2025-01-01 10:02:00.02 PST,1182+j388.505
2025-01-01 10:03:00.02 PST,1201+j394.75
2025-01-01 10:04:00.02 PST,1201+j394.75
2025-01-01 10:05:00.02 PST,1200+j394.421
2025-01-01 10:06:00.02 PST,1330+j437.15
2025-01-01 10:07:00.02 PST,1209+j397.379
2025-01-01 10:08:00.02 PST,1070+j351.692
2025-01-01 10:09:00.02 PST,1210+j397.708
2025-01-01 10:10:00.02 PST,1330+j437.15
2025-01-01 10:11:00.02 PST,1219+j400.666
2025-01-01 10:12:00.02 PST,1237+j406.582
2025-01-01 10:13:00.02 PST,1322+j434.52
2025-01-01 10:14:00.02 PST,1198+j393.764
2025-01-01 10:15:00.02 PST,995+j327.041
2025-01-01 10:16:00.02 PST,912+j299.76
2025-01-01 10:17:00.02 PST,889+j292.2
2025-01-01 10:18:00.02 PST,909+j298.774
2025-01-01 10:19:00.02 PST,1049+j344.79
2025-01-01 10:20:00.02 PST,1350+j443.724
2025-01-01 10:21:00.02 PST,1070+j351.692
2025-01-01 10:22:00.02 PST,727+j238.953
2025-01-01 10:23:00.02 PST,723+j237.639
2025-01-01 10:24:00.02 PST,685+j225.149
2025-01-01 10:25:00.02 PST,717+j235.667
2025-01-01 10:26:00.02 PST,720+j236.653
2025-01-01 10:27:00.02 PST,742+j243.884
2025-01-01 10:28:00.02 PST,750+j246.513
2025-01-01 10:29:00.02 PST,748+j245.856
2025-01-01 10:30:00.02 PST,756+j248.485
2025-01-01 10:31:00.02 PST,697+j229.093
2025-01-01 10:32:00.02 PST,741+j243.555
2025-01-01 10:33:00.02 PST,691+j227.121
2025-01-01 10:34:00.02 PST,691+j227.121
2025-01-01 10:35:00.02 PST,701+j230.408
2025-01-01 10:36:00.02 PST,750+j246.513
2025-01-01 10:37:00.02 PST,750+j246.513
2025-01-01 10:38:00.02 PST,759+j249.471
2025-01-01 10:39:00.02 PST,768+j252.429
2025-01-01 10:40:00.02 PST,781+j256.702
2025-01-01 10:41:00.02 PST,798+j262.29
2025-01-01 10:42:00.02 PST,797+j261.961
2025-01-01 10:43:00.02 PST,797+j261.961
2025-01-01 10:44:00.02 PST,797+j261.961
2025-01-01 10:45:00.02 PST,807+j265.248
2025-01-01 10:46:00.02 PST,807+j265.248
2025-01-01 10:47:00.02 PST,807+j265.248
2025-01-01 10:48:00.02 PST,832+j273.465
2025-01-01 10:49:00.02 PST,866+j284.64
2025-01-01 10:50:00.02 PST,891+j292.858
2025-01-01 10:51:00.02 PST,945+j310.606
2025-01-01 10:52:00.02 PST,919+j302.061
2025-01-01 10:53:00.02 PST,895+j294.172
2025-01-01 10:54:00.02 PST,841+j276.423
2025-01-01 10:55:00.02 PST,776+j255.059
2025-01-01 10:56:00.02 PST,742+j243.884
2025-01-01 10:57:00.02 PST,698+j229.422
2025-01-01 10:58:00.02 PST,698+j229.422
2025-01-01 10:59:00.02 PST,698+j229.422
2025-01-01 11:00:00.02 PST,708+j232.708
2025-01-01 11:01:00.02 PST,699+j229.75
2025-01-01 11:02:00.02 PST,751+j246.842
2025-01-01 11:03:00.02 PST,720+j236.653
2025-01-01 11:04:00.02 PST,819+j269.192
2025-01-01 11:05:00.02 PST,805+j264.591
2025-01-01 11:06:00.02 PST,785+j258.017
2025-01-01 11:07:00.02 PST,832+j273.465
2025-01-01 11:08:00.02 PST,812+j266.891
2025-01-01 11:09:00.02 PST,912+j299.76
2025-01-01 11:10:00.02 PST,862+j283.326
2025-01-01 11:11:00.02 PST,852+j280.039
2025-01-01 11:12:00.02 PST,802+j263.605
2025-01-01 11:13:00.02 PST,740+j243.226
2025-01-01 11:14:00.02 PST,741+j243.555
2025-01-01 11:15:00.02 PST,731+j240.268
2025-01-01 11:16:00.02 PST,931+j306.005
2025-01-01 11:17:00.02 PST,412+j135.418
2025-01-01 11:18:00.02 PST,382+j125.557
2025-01-01 11:19:00.02 PST,382+j125.557
2025-01-01 11:20:00.02 PST,381+j125.229
2025-01-01 11:21:00.02 PST,371+j121.942
2025-01-01 11:22:00.02 PST,381+j125.229
2025-01-01 11:23:00.02 PST,370+j121.613
2025-01-01 11:24:00.02 PST,370+j121.613
2025-01-01 11:25:00.02 PST,270+j88.745
2025-01-01 11:26:00.02 PST,303+j99.591
2025-01-01 11:27:00.02 PST,286+j94.004
2025-01-01 11:28:00.02 PST,296+j97.29
2025-01-01 11:29:00.02 PST,366+j120.298
2025-01-01 11:30:00.02 PST,355+j116.683
2025-01-01 11:31:00.02 PST,366+j120.298
2025-01-01 11:32:00.02 PST,366+j120.298
2025-01-01 11:33:00.02 PST,366+j120.298
2025-01-01 11:34:00.02 PST,377+j123.914
2025-01-01 11:35:00.02 PST,727+j238.953
2025-01-01 11:36:00.02 PST,978+j321.453
2025-01-01 11:37:00.02 PST,980+j322.11
2025-01-01 11:38:00.02 PST,958+j314.879
2025-01-01 11:39:00.02 PST,972+j319.481
2025-01-01 11:40:00.02 PST,880+j289.242
2025-01-01 11:41:00.02 PST,880+j289.242
2025-01-01 11:42:00.02 PST,620+j203.784
2025-01-01 11:43:00.02 PST,630+j207.071
2025-01-01 11:44:00.02 PST,669+j219.89
2025-01-01 11:45:00.02 PST,671+j220.547
2025-01-01 11:46:00.02 PST,633+j208.057
2025-01-01 11:47:00.02 PST,632+j207.728
2025-01-01 11:48:00.02 PST,618+j203.127
2025-01-01 11:49:00.02 PST,690+j226.792
2025-01-01 11:50:00.02 PST,740+j243.226
2025-01-01 11:51:00.02 PST,796+j261.633
2025-01-01 11:52:00.02 PST,859+j282.34
2025-01-01 11:53:00.02 PST,915+j300.746
2025-01-01 11:54:00.02 PST,916+j301.075
2025-01-01 11:55:00.02 PST,906+j297.788
2025-01-01 11:56:00.02 PST,906+j297.788
2025-01-01 11:57:00.02 PST,905+j297.459
2025-01-01 11:58:00.02 PST,905+j297.459
2025-01-01 11:59:00.02 PST,845+j277.738
2025-01-01 12:00:00.02 PST,785+j258.017
2025-01-01 12:01:00.02 PST,735+j241.583
2025-01-01 12:02:00.02 PST,596+j195.896
2025-01-01 12:03:00.02 PST,526+j172.888
2025-01-01 12:04:00.02 PST,585+j192.28
2025-01-01 12:05:00.02 PST,585+j192.28
2025-01-01 12:06:00.02 PST,583+j191.623
2025-01-01 12:07:00.02 PST,577+j189.651
2025-01-01 12:08:00.02 PST,585+j192.28
2025-01-01 12:09:00.02 PST,224+j73.625
2025-01-01 12:10:00.02 PST,213+j70.01
2025-01-01 12:11:00.02 PST,254+j83.486
2025-01-01 12:12:00.02 PST,188+j61.793
2025-01-01 12:13:00.02 PST,535+j175.846
2025-01-01 12:14:00.02 PST,534+j175.517
2025-01-01 12:15:00.02 PST,723+j237.639
2025-01-01 12:16:00.02 PST,221+j72.639
2025-01-01 12:17:00.02 PST,180+j59.163
2025-01-01 12:18:00.02 PST,179+j58.834
2025-01-01 12:19:00.02 PST,498+j163.685
2025-01-01 12:20:00.02 PST,516+j169.601
2025-01-01 12:21:00.02 PST,184+j60.478
2025-01-01 12:22:00.02 PST,172+j56.534
2025-01-01 12:23:00.02 PST,174+j57.191
2025-01-01 12:24:00.02 PST,300+j98.605
2025-01-01 12:25:00.02 PST,520+j170.916
2025-01-01 12:26:00.02 PST,499+j164.013
2025-01-01 12:27:00.02 PST,509+j167.3
2025-01-01 12:28:00.02 PST,519+j170.587
2025-01-01 12:29:00.02 PST,162+j53.247
2025-01-01 12:30:00.02 PST,159+j52.261
2025-01-01 12:31:00.02 PST,278+j91.374
2025-01-01 12:32:00.02 PST,615+j202.141
2025-01-01 12:33:00.02 PST,618+j203.127
2025-01-01 12:34:00.02 PST,611+j200.826
2025-01-01 12:35:00.02 PST,595+j195.567
2025-01-01 12:36:00.02 PST,599+j196.882
2025-01-01 12:37:00.02 PST,256+j84.143
2025-01-01 12:38:00.02 PST,246+j80.856
2025-01-01 12:39:00.02 PST,246+j80.856
2025-01-01 12:40:00.02 PST,596+j195.896
2025-01-01 12:41:00.02 PST,576+j189.322
2025-01-01 12:42:00.02 PST,579+j190.308
2025-01-01 12:43:00.02 PST,576+j189.322
2025-01-01 12:44:00.02 PST,290+j95.318
2025-01-01 12:45:00.02 PST,274+j90.059
2025-01-01 12:46:00.02 PST,288+j94.661
2025-01-01 12:47:00.02 PST,422+j138.705
2025-01-01 12:48:00.02 PST,666+j218.904
2025-01-01 12:49:00.02 PST,632+j207.728
2025-01-01 12:50:00.02 PST,631+j207.4
2025-01-01 12:51:00.02 PST,623+j204.77
2025-01-01 12:52:00.02 PST,609+j200.169
2025-01-01 12:53:00.02 PST,244+j80.199
2025-01-01 12:54:00.02 PST,244+j80.199
2025-01-01 12:55:00.02 PST,254+j83.486
2025-01-01 12:56:00.02 PST,597+j196.224
2025-01-01 12:57:00.02 PST,584+j191.952
2025-01-01 12:58:00.02 PST,584+j191.952
2025-01-01 12:59:00.02 PST,594+j195.238
2025-01-01 13:00:00.02 PST,594+j195.238
2025-01-01 13:01:00.02 PST,234+j76.912
2025-01-01 13:02:00.02 PST,237+j77.898
2025-01-01 13:03:00.02 PST,247+j81.185
2025-01-01 13:04:00.02 PST,604+j198.525
2025-01-01 13:05:00.02 PST,654+j214.959
2025-01-01 13:06:00.02 PST,664+j218.246
2025-01-01 13:07:00.02 PST,664+j218.246
2025-01-01 13:08:00.02 PST,387+j127.201
2025-01-01 13:09:00.02 PST,314+j103.207
2025-01-01 13:10:00.02 PST,324+j106.494
2025-01-01 13:11:00.02 PST,664+j218.246
2025-01-01 13:12:00.02 PST,654+j214.959
2025-01-01 13:13:00.02 PST,644+j211.673
2025-01-01 13:14:00.02 PST,644+j211.673
2025-01-01 13:15:00.02 PST,657+j215.945
2025-01-01 13:16:00.02 PST,304+j99.92
2025-01-01 13:17:00.02 PST,304+j99.92
2025-01-01 13:18:00.02 PST,314+j103.207
2025-01-01 13:19:00.02 PST,664+j218.246
2025-01-01 13:20:00.02 PST,634+j208.386
2025-01-01 13:21:00.02 PST,634+j208.386
2025-01-01 13:22:00.02 PST,644+j211.673
2025-01-01 13:23:00.02 PST,694+j228.107
2025-01-01 13:24:00.02 PST,143+j47.002
2025-01-01 13:25:00.02 PST,153+j50.289
2025-01-01 13:26:00.02 PST,163+j53.576
2025-01-01 13:27:00.02 PST,482+j158.426
2025-01-01 13:28:00.02 PST,462+j151.852
2025-01-01 13:29:00.02 PST,486+j159.74
2025-01-01 13:30:00.02 PST,549+j180.448
2025-01-01 13:31:00.02 PST,543+j178.475
2025-01-01 13:32:00.02 PST,567+j186.364
2025-01-01 13:33:00.02 PST,672+j220.876
2025-01-01 13:34:00.02 PST,633+j208.057
2025-01-01 13:35:00.02 PST,304+j99.92
2025-01-01 13:36:00.02 PST,275+j90.388
2025-01-01 13:37:00.02 PST,275+j90.388
2025-01-01 13:38:00.02 PST,275+j90.388
2025-01-01 13:39:00.02 PST,275+j90.388
2025-01-01 13:40:00.02 PST,306+j100.577
2025-01-01 13:41:00.02 PST,296+j97.29
2025-01-01 13:42:00.02 PST,296+j97.29
2025-01-01 13:43:00.02 PST,306+j100.577
2025-01-01 13:44:00.02 PST,297+j97.619
2025-01-01 13:45:00.02 PST,298+j97.948
2025-01-01 13:46:00.02 PST,269+j88.416
2025-01-01 13:47:00.02 PST,329+j108.137
2025-01-01 13:48:00.02 PST,280+j92.032
2025-01-01 13:49:00.02 PST,269+j88.416
2025-01-01 13:50:00.02 PST,538+j176.832
2025-01-01 13:51:00.02 PST,607+j199.511
2025-01-01 13:52:00.02 PST,306+j100.577
2025-01-01 13:53:00.02 PST,305+j100.249
2025-01-01 13:54:00.02 PST,305+j100.249
2025-01-01 13:55:00.02 PST,309+j101.563
2025-01-01 13:56:00.02 PST,309+j101.563
2025-01-01 13:57:00.02 PST,305+j100.249
2025-01-01 13:58:00.02 PST,295+j96.962
2025-01-01 13:59:00.02 PST,338+j111.095
2025-01-01 14:00:00.02 PST,321+j105.508
2025-01-01 14:01:00.02 PST,324+j106.494
2025-01-01 14:02:00.02 PST,326+j107.151
2025-01-01 14:03:00.02 PST,321+j105.508
2025-01-01 14:04:00.02 PST,317+j104.193
2025-01-01 14:05:00.02 PST,316+j103.864
2025-01-01 14:06:00.02 PST,316+j103.864
2025-01-01 14:07:00.02 PST,318+j104.522
2025-01-01 14:08:00.02 PST,315+j103.535
2025-01-01 14:09:00.02 PST,275+j90.388
2025-01-01 14:10:00.02 PST,295+j96.962
2025-01-01 14:11:00.02 PST,304+j99.92
2025-01-01 14:12:00.02 PST,304+j99.92
2025-01-01 14:13:00.02 PST,303+j99.591
2025-01-01 14:14:00.02 PST,300+j98.605
2025-01-01 14:15:00.02 PST,300+j98.605
2025-01-01 14:16:00.02 PST,303+j99.591
2025-01-01 14:17:00.02 PST,299+j98.277
2025-01-01 14:18:00.02 PST,303+j99.591
2025-01-01 14:19:00.02 PST,307+j100.906
2025-01-01 14:20:00.02 PST,314+j103.207
2025-01-01 14:21:00.02 PST,311+j102.221
2025-01-01 14:22:00.02 PST,293+j96.304
2025-01-01 14:23:00.02 PST,308+j101.235
2025-01-01 14:24:00.02 PST,289+j94.99
2025-01-01 14:25:00.02 PST,300+j98.605
2025-01-01 14:26:00.02 PST,308+j101.235
2025-01-01 14:27:00.02 PST,298+j97.948
2025-01-01 14:28:00.02 PST,279+j91.703
2025-01-01 14:29:00.02 PST,299+j98.277
2025-01-01 14:30:00.02 PST,279+j91.703
2025-01-01 14:31:00.02 PST,279+j91.703
2025-01-01 14:32:00.02 PST,289+j94.99
2025-01-01 14:33:00.02 PST,329+j108.137
2025-01-01 14:34:00.02 PST,289+j94.99
2025-01-01 14:35:00.02 PST,289+j94.99
2025-01-01 14:36:00.02 PST,299+j98.277
2025-01-01 14:37:00.02 PST,248+j81.514
2025-01-01 14:38:00.02 PST,248+j81.514
2025-01-01 14:39:00.02 PST,258+j84.8
2025-01-01 14:40:00.02 PST,337+j110.767
2025-01-01 14:41:00.02 PST,237+j77.898
2025-01-01 14:42:00.02 PST,287+j94.332
2025-01-01 14:43:00.02 PST,377+j123.914
2025-01-01 14:44:00.02 PST,584+j191.952
2025-01-01 14:45:00.02 PST,238+j78.227
2025-01-01 14:46:00.02 PST,228+j74.94
2025-01-01 14:47:00.02 PST,218+j71.653
2025-01-01 14:48:00.02 PST,218+j71.653
2025-01-01 14:49:00.02 PST,220+j72.311
2025-01-01 14:50:00.02 PST,223+j73.297
2025-01-01 14:51:00.02 PST,236+j77.569
2025-01-01 14:52:00.02 PST,158+j51.932
2025-01-01 14:53:00.02 PST,161+j52.918
2025-01-01 14:54:00.02 PST,161+j52.918
2025-01-01 14:55:00.02 PST,161+j52.918
2025-01-01 14:56:00.02 PST,161+j52.918
2025-01-01 14:57:00.02 PST,161+j52.918
2025-01-01 14:58:00.02 PST,161+j52.918
2025-01-01 14:59:00.02 PST,158+j51.932
2025-01-01 15:00:00.02 PST,155+j50.946
2025-01-01 15:01:00.02 PST,152+j49.96
2025-01-01 15:02:00.02 PST,150+j49.303
2025-01-01 15:03:00.02 PST,147+j48.317
2025-01-01 15:04:00.02 PST,147+j48.317
2025-01-01 15:05:00.02 PST,146+j47.988
2025-01-01 15:06:00.02 PST,146+j47.988
2025-01-01 15:07:00.02 PST,146+j47.988
2025-01-01 15:08:00.02 PST,136+j44.701
2025-01-01 15:09:00.02 PST,246+j80.856
2025-01-01 15:10:00.02 PST,246+j80.856
2025-01-01 15:11:00.02 PST,246+j80.856
2025-01-01 15:12:00.02 PST,236+j77.569
2025-01-01 15:13:00.02 PST,245+j80.528
2025-01-01 15:14:00.02 PST,236+j77.569
2025-01-01 15:15:00.02 PST,236+j77.569
2025-01-01 15:16:00.02 PST,236+j77.569
2025-01-01 15:17:00.02 PST,238+j78.227
2025-01-01 15:18:00.02 PST,239+j78.556
2025-01-01 15:19:00.02 PST,240+j78.884
2025-01-01 15:20:00.02 PST,241+j79.213
2025-01-01 15:21:00.02 PST,242+j79.542
2025-01-01 15:22:00.02 PST,272+j89.402
2025-01-01 15:23:00.02 PST,268+j88.087
2025-01-01 15:24:00.02 PST,268+j88.087
2025-01-01 15:25:00.02 PST,267+j87.759
2025-01-01 15:26:00.02 PST,267+j87.759
2025-01-01 15:27:00.02 PST,267+j87.759
2025-01-01 15:28:00.02 PST,270+j88.745
2025-01-01 15:29:00.02 PST,270+j88.745
2025-01-01 15:30:00.02 PST,267+j87.759
2025-01-01 15:31:00.02 PST,267+j87.759
2025-01-01 15:32:00.02 PST,267+j87.759
2025-01-01 15:33:00.02 PST,270+j88.745
2025-01-01 15:34:00.02 PST,270+j88.745
2025-01-01 15:35:00.02 PST,266+j87.43
2025-01-01 15:36:00.02 PST,266+j87.43
2025-01-01 15:37:00.02 PST,266+j87.43
2025-01-01 15:38:00.02 PST,266+j87.43
2025-01-01 15:39:00.02 PST,269+j88.416
2025-01-01 15:40:00.02 PST,271+j89.073
2025-01-01 15:41:00.02 PST,264+j86.773
2025-01-01 15:42:00.02 PST,266+j87.43
2025-01-01 15:43:00.02 PST,268+j88.087
2025-01-01 15:44:00.02 PST,257+j84.472
2025-01-01 15:45:00.02 PST,267+j87.759
2025-01-01 15:46:00.02 PST,266+j87.43
2025-01-01 15:47:00.02 PST,267+j87.759
2025-01-01 15:48:00.02 PST,257+j84.472
2025-01-01 15:49:00.02 PST,258+j84.8
2025-01-01 15:50:00.02 PST,188+j61.793
2025-01-01 15:51:00.02 PST,189+j62.121
2025-01-01 15:52:00.02 PST,177+j58.177
2025-01-01 15:53:00.02 PST,446+j146.593
2025-01-01 15:54:00.02 PST,185+j60.807
2025-01-01 15:55:00.02 PST,180+j59.163
2025-01-01 15:56:00.02 PST,249+j81.842
2025-01-01 15:57:00.02 PST,853+j280.368
2025-01-01 15:58:00.02 PST,950+j312.25
2025-01-01 15:59:00.02 PST,947+j311.264
2025-01-01 16:00:00.02 PST,1667+j547.916
2025-01-01 16:01:00.02 PST,1696+j557.448
2025-01-01 16:02:00.02 PST,886+j291.214
2025-01-01 16:03:00.02 PST,906+j297.788
2025-01-01 16:04:00.02 PST,935+j307.32
2025-01-01 16:05:00.02 PST,2928+j962.387
2025-01-01 16:06:00.02 PST,2921+j960.086
2025-01-01 16:07:00.02 PST,1027+j337.559
2025-01-01 16:08:00.02 PST,1683+j553.175
2025-01-01 16:09:00.02 PST,2229+j732.637
2025-01-01 16:10:00.02 PST,2310+j759.26
2025-01-01 16:11:00.02 PST,1995+j655.725
2025-01-01 16:12:00.02 PST,1350+j443.724
2025-01-01 16:13:00.02 PST,1352+j444.381
2025-01-01 16:14:00.02 PST,2134+j701.412
2025-01-01 16:15:00.02 PST,1413+j464.431
2025-01-01 16:16:00.02 PST,1411+j463.773
2025-01-01 16:17:00.02 PST,2113+j694.51
2025-01-01 16:18:00.02 PST,2126+j698.782
2025-01-01 16:19:00.02 PST,2128+j699.44
2025-01-01 16:20:00.02 PST,3310+j1087.94
2025-01-01 16:21:00.02 PST,3121+j1025.82
2025-01-01 16:22:00.02 PST,3319+j1090.9
2025-01-01 16:23:00.02 PST,1607+j528.195
2025-01-01 16:24:00.02 PST,2645+j869.369
2025-01-01 16:25:00.02 PST,4429+j1455.74
2025-01-01 16:26:00.02 PST,503+j165.328
2025-01-01 16:27:00.02 PST,1256+j412.827
2025-01-01 16:28:00.02 PST,449+j147.579
2025-01-01 16:29:00.02 PST,1161+j381.602
2025-01-01 16:30:00.02 PST,3354+j1102.41
2025-01-01 16:31:00.02 PST,1259+j413.813
2025-01-01 16:32:00.02 PST,3245+j1066.58
2025-01-01 16:33:00.02 PST,1990+j654.081
2025-01-01 16:34:00.02 PST,2106+j692.209
2025-01-01 16:35:00.02 PST,1452+j477.249
2025-01-01 16:36:00.02 PST,3226+j1060.34
2025-01-01 16:37:00.02 PST,1971+j647.836
2025-01-01 16:38:00.02 PST,2437+j801.003
2025-01-01 16:39:00.02 PST,1132+j372.07
2025-01-01 16:40:00.02 PST,2967+j975.206
2025-01-01 16:41:00.02 PST,1767+j580.785
2025-01-01 16:42:00.02 PST,2477+j814.151
2025-01-01 16:43:00.02 PST,2367+j777.995
2025-01-01 16:44:00.02 PST,2376+j780.953
2025-01-01 16:45:00.02 PST,2436+j800.674
2025-01-01 16:46:00.02 PST,1192+j391.791
2025-01-01 16:47:00.02 PST,3078+j1011.69
2025-01-01 16:48:00.02 PST,3094+j1016.95
2025-01-01 16:49:00.02 PST,1890+j621.213
2025-01-01 16:50:00.02 PST,1175+j386.204
2025-01-01 16:51:00.02 PST,1096+j360.238
2025-01-01 16:52:00.02 PST,1106+j363.525
2025-01-01 16:53:00.02 PST,1136+j373.385
2025-01-01 16:54:00.02 PST,2387+j784.569
2025-01-01 16:55:00.02 PST,3297+j1083.67
2025-01-01 16:56:00.02 PST,2566+j843.403
2025-01-01 16:57:00.02 PST,1973+j648.494
2025-01-01 16:58:00.02 PST,2070+j680.376
2025-01-01 16:59:00.02 PST,2118+j696.153
2025-01-01 17:00:00.02 PST,2875+j944.967
2025-01-01 17:01:00.02 PST,2188+j719.161
2025-01-01 17:02:00.02 PST,2372+j779.639
2025-01-01 17:03:00.02 PST,2166+j711.93
2025-01-01 17:04:00.02 PST,600+j197.21
2025-01-01 17:05:00.02 PST,764+j251.115
2025-01-01 17:06:00.02 PST,761+j250.129
2025-01-01 17:07:00.02 PST,864+j283.983
2025-01-01 17:08:00.02 PST,833+j273.794
2025-01-01 17:09:00.02 PST,816+j268.206
2025-01-01 17:10:00.02 PST,1692+j556.134
2025-01-01 17:11:00.02 PST,1464+j481.194
2025-01-01 17:12:00.02 PST,1601+j526.223
2025-01-01 17:13:00.02 PST,1509+j495.984
2025-01-01 17:14:00.02 PST,1446+j475.277
2025-01-01 17:15:00.02 PST,636+j209.043
2025-01-01 17:16:00.02 PST,701+j230.408
2025-01-01 17:17:00.02 PST,660+j216.932
2025-01-01 17:18:00.02 PST,601+j197.539
2025-01-01 17:19:00.02 PST,613+j201.483
2025-01-01 17:20:00.02 PST,607+j199.511
2025-01-01 17:21:00.02 PST,612+j201.155
2025-01-01 17:22:00.02 PST,607+j199.511
2025-01-01 17:23:00.02 PST,443+j145.607
2025-01-01 17:24:00.02 PST,438+j143.964
2025-01-01 17:25:00.02 PST,434+j142.649
2025-01-01 17:26:00.02 PST,493+j162.041
2025-01-01 17:27:00.02 PST,820+j269.521
2025-01-01 17:28:00.02 PST,747+j245.527
2025-01-01 17:29:00.02 PST,748+j245.856
2025-01-01 17:30:00.02 PST,741+j243.555
2025-01-01 17:31:00.02 PST,728+j239.282
2025-01-01 17:32:00.02 PST,721+j236.981
2025-01-01 17:33:00.02 PST,713+j234.352
2025-01-01 17:34:00.02 PST,706+j232.051
2025-01-01 17:35:00.02 PST,699+j229.75
2025-01-01 17:36:00.02 PST,698+j229.422
2025-01-01 17:37:00.02 PST,709+j233.037
2025-01-01 17:38:00.02 PST,720+j236.653
2025-01-01 17:39:00.02 PST,720+j236.653
2025-01-01 17:40:00.02 PST,698+j229.422
2025-01-01 17:41:00.02 PST,701+j230.408
2025-01-01 17:42:00.02 PST,700+j230.079
2025-01-01 17:43:00.02 PST,903+j296.802
2025-01-01 17:44:00.02 PST,905+j297.459
2025-01-01 17:45:00.02 PST,1531+j503.215
2025-01-01 17:46:00.02 PST,1684+j553.504
2025-01-01 17:47:00.02 PST,1687+j554.49
2025-01-01 17:48:00.02 PST,1690+j555.476
2025-01-01 17:49:00.02 PST,1674+j550.217
2025-01-01 17:50:00.02 PST,1374+j451.612
2025-01-01 17:51:00.02 PST,1422+j467.389
2025-01-01 17:52:00.02 PST,1472+j483.823
2025-01-01 17:53:00.02 PST,1816+j596.89
2025-01-01 17:54:00.02 PST,1873+j615.625
2025-01-01 17:55:00.02 PST,1910+j627.787
2025-01-01 17:56:00.02 PST,1856+j610.038
2025-01-01 17:57:00.02 PST,1851+j608.394
2025-01-01 17:58:00.02 PST,1856+j610.038
2025-01-01 17:59:00.02 PST,1851+j608.394
2025-01-01 18:00:00.02 PST,1849+j607.737
2025-01-01 18:01:00.02 PST,1879+j617.597
2025-01-01 18:02:00.02 PST,1881+j618.255
2025-01-01 18:03:00.02 PST,1846+j606.751
2025-01-01 18:04:00.02 PST,824+j270.836
2025-01-01 18:05:00.02 PST,813+j267.22
2025-01-01 18:06:00.02 PST,831+j273.136
2025-01-01 18:07:00.02 PST,1117+j367.14
2025-01-01 18:08:00.02 PST,1117+j367.14
2025-01-01 18:09:00.02 PST,1116+j366.811
2025-01-01 18:10:00.02 PST,1095+j359.909
2025-01-01 18:11:00.02 PST,1114+j366.154
2025-01-01 18:12:00.02 PST,1154+j379.301
2025-01-01 18:13:00.02 PST,1151+j378.315
2025-01-01 18:14:00.02 PST,1137+j373.714
2025-01-01 18:15:00.02 PST,1148+j377.329
2025-01-01 18:16:00.02 PST,1150+j377.987
2025-01-01 18:17:00.02 PST,1138+j374.043
2025-01-01 18:18:00.02 PST,840+j276.095
2025-01-01 18:19:00.02 PST,848+j278.724
2025-01-01 18:20:00.02 PST,866+j284.64
2025-01-01 18:21:00.02 PST,1153+j378.973
2025-01-01 18:22:00.02 PST,1142+j375.357
2025-01-01 18:23:00.02 PST,1142+j375.357
2025-01-01 18:24:00.02 PST,1131+j371.742
2025-01-01 18:25:00.02 PST,1130+j371.413
2025-01-01 18:26:00.02 PST,1154+j379.301
2025-01-01 18:27:00.02 PST,1165+j382.917
2025-01-01 18:28:00.02 PST,1270+j417.429
2025-01-01 18:29:00.02 PST,1271+j417.757
2025-01-01 18:30:00.02 PST,1432+j470.676
2025-01-01 18:31:00.02 PST,1503+j494.012
2025-01-01 18:32:00.02 PST,1478+j485.795
2025-01-01 18:33:00.02 PST,1291+j424.331
2025-01-01 18:34:00.02 PST,1263+j415.128
2025-01-01 18:35:00.02 PST,1205+j396.064
2025-01-01 18:36:00.02 PST,1164+j382.588
2025-01-01 18:37:00.02 PST,1114+j366.154
2025-01-01 18:38:00.02 PST,1114+j366.154
2025-01-01 18:39:00.02 PST,1117+j367.14
2025-01-01 18:40:00.02 PST,1103+j362.539
2025-01-01 18:41:00.02 PST,1014+j333.286
2025-01-01 18:42:00.02 PST,1026+j337.23
2025-01-01 18:43:00.02 PST,1027+j337.559
2025-01-01 18:44:00.02 PST,1007+j330.985
2025-01-01 18:45:00.02 PST,977+j321.124
2025-01-01 18:46:00.02 PST,1039+j341.503
2025-01-01 18:47:00.02 PST,1098+j360.895
2025-01-01 18:48:00.02 PST,1098+j360.895
2025-01-01 18:49:00.02 PST,1115+j366.483
2025-01-01 18:50:00.02 PST,1058+j347.748
2025-01-01 18:51:00.02 PST,976+j320.796
2025-01-01 18:52:00.02 PST,1012+j332.628
2025-01-01 18:53:00.02 PST,1037+j340.845
2025-01-01 18:54:00.02 PST,1042+j342.489
2025-01-01 18:55:00.02 PST,1027+j337.559
2025-01-01 18:56:00.02 PST,1009+j331.642
2025-01-01 18:57:00.02 PST,1009+j331.642
2025-01-01 18:58:00.02 PST,1004+j329.999
2025-01-01 18:59:00.02 PST,1161+j381.602
2025-01-01 19:00:00.02 PST,992+j326.055
2025-01-01 19:01:00.02 PST,1066+j350.377
2025-01-01 19:02:00.02 PST,1029+j338.216
2025-01-01 19:03:00.02 PST,2913+j957.457
2025-01-01 19:04:00.02 PST,2926+j961.73
2025-01-01 19:05:00.02 PST,3043+j1000.19
2025-01-01 19:06:00.02 PST,3023+j993.612
2025-01-01 19:07:00.02 PST,1110+j364.839
2025-01-01 19:08:00.02 PST,1120+j368.126
2025-01-01 19:09:00.02 PST,3014+j990.654
2025-01-01 19:10:00.02 PST,2955+j971.262
2025-01-01 19:11:00.02 PST,2969+j975.863
2025-01-01 19:12:00.02 PST,1090+j358.266
2025-01-01 19:13:00.02 PST,1081+j355.308
2025-01-01 19:14:00.02 PST,1073+j352.678
2025-01-01 19:15:00.02 PST,1084+j356.294
2025-01-01 19:16:00.02 PST,1055+j346.762
2025-01-01 19:17:00.02 PST,1083+j355.965
2025-01-01 19:18:00.02 PST,1092+j358.923
2025-01-01 19:19:00.02 PST,1120+j368.126
2025-01-01 19:20:00.02 PST,1158+j380.616
2025-01-01 19:21:00.02 PST,1196+j393.106
2025-01-01 19:22:00.02 PST,1193+j392.12
2025-01-01 19:23:00.02 PST,1184+j389.162
2025-01-01 19:24:00.02 PST,1188+j390.477
2025-01-01 19:25:00.02 PST,1201+j394.75
2025-01-01 19:26:00.02 PST,1205+j396.064
2025-01-01 19:27:00.02 PST,1205+j396.064
2025-01-01 19:28:00.02 PST,1195+j392.778
2025-01-01 19:29:00.02 PST,1194+j392.449
2025-01-01 19:30:00.02 PST,1194+j392.449
2025-01-01 19:31:00.02 PST,1204+j395.736
2025-01-01 19:32:00.02 PST,1216+j399.68
2025-01-01 19:33:00.02 PST,1135+j373.056
2025-01-01 19:34:00.02 PST,1103+j362.539
2025-01-01 19:35:00.02 PST,1076+j353.664
2025-01-01 19:36:00.02 PST,1024+j336.573
2025-01-01 19:37:00.02 PST,1034+j339.859
2025-01-01 19:38:00.02 PST,1021+j335.586
2025-01-01 19:39:00.02 PST,1021+j335.586
2025-01-01 19:40:00.02 PST,1020+j335.258
2025-01-01 19:41:00.02 PST,1024+j336.573
2025-01-01 19:42:00.02 PST,1108+j364.182
2025-01-01 19:43:00.02 PST,1033+j339.531
2025-01-01 19:44:00.02 PST,998+j328.027
2025-01-01 19:45:00.02 PST,986+j324.083
2025-01-01 19:46:00.02 PST,1028+j337.887
2025-01-01 19:47:00.02 PST,1039+j341.503
2025-01-01 19:48:00.02 PST,984+j323.425
2025-01-01 19:49:00.02 PST,1563+j513.733
2025-01-01 19:50:00.02 PST,1568+j515.377
2025-01-01 19:51:00.02 PST,1606+j527.867
2025-01-01 19:52:00.02 PST,1596+j524.58
2025-01-01 19:53:00.02 PST,1622+j533.126
2025-01-01 19:54:00.02 PST,1612+j529.839
2025-01-01 19:55:00.02 PST,1611+j529.51
2025-01-01 19:56:00.02 PST,1621+j532.797
2025-01-01 19:57:00.02 PST,1618+j531.811
2025-01-01 19:58:00.02 PST,1776+j583.743
2025-01-01 19:59:00.02 PST,1576+j518.006
2025-01-01 20:00:00.02 PST,1614+j530.496
2025-01-01 20:01:00.02 PST,1704+j560.078
2025-01-01 20:02:00.02 PST,1701+j559.092
2025-01-01 20:03:00.02 PST,1742+j572.568
2025-01-01 20:04:00.02 PST,1775+j583.414
2025-01-01 20:05:00.02 PST,989+j325.069
2025-01-01 20:06:00.02 PST,1093+j359.252
2025-01-01 20:07:00.02 PST,1057+j347.419
2025-01-01 20:08:00.02 PST,1068+j351.035
2025-01-01 20:09:00.02 PST,1069+j351.363
2025-01-01 20:10:00.02 PST,1070+j351.692
2025-01-01 20:11:00.02 PST,1724+j566.651
2025-01-01 20:12:00.02 PST,1772+j582.428
2025-01-01 20:13:00.02 PST,1593+j523.594
2025-01-01 20:14:00.02 PST,1674+j550.217
2025-01-01 20:15:00.02 PST,1705+j560.406
2025-01-01 20:16:00.02 PST,1726+j567.309
2025-01-01 20:17:00.02 PST,1716+j564.022
2025-01-01 20:18:00.02 PST,1697+j557.777
2025-01-01 20:19:00.02 PST,1674+j550.217
2025-01-01 20:20:00.02 PST,1784+j586.372
2025-01-01 20:21:00.02 PST,1764+j579.799
2025-01-01 20:22:00.02 PST,1731+j568.952
2025-01-01 20:23:00.02 PST,1640+j539.042
2025-01-01 20:24:00.02 PST,923+j303.375
2025-01-01 20:25:00.02 PST,903+j296.802
2025-01-01 20:26:00.02 PST,869+j285.626
2025-01-01 20:27:00.02 PST,868+j285.298
2025-01-01 20:28:00.02 PST,867+j284.969
2025-01-01 20:29:00.02 PST,908+j298.445
2025-01-01 20:30:00.02 PST,961+j315.865
2025-01-01 20:31:00.02 PST,915+j300.746
2025-01-01 20:32:00.02 PST,903+j296.802
2025-01-01 20:33:00.02 PST,931+j306.005
2025-01-01 20:34:00.02 PST,1529+j502.558
2025-01-01 20:35:00.02 PST,1487+j488.753
2025-01-01 20:36:00.02 PST,1435+j471.662
2025-01-01 20:37:00.02 PST,1454+j477.907
2025-01-01 20:38:00.02 PST,1473+j484.152
2025-01-01 20:39:00.02 PST,1472+j483.823
2025-01-01 20:40:00.02 PST,1491+j490.068
2025-01-01 20:41:00.02 PST,819+j269.192
2025-01-01 20:42:00.02 PST,807+j265.248
2025-01-01 20:43:00.02 PST,787+j258.674
2025-01-01 20:44:00.02 PST,841+j276.423
2025-01-01 20:45:00.02 PST,869+j285.626
2025-01-01 20:46:00.02 PST,856+j281.354
2025-01-01 20:47:00.02 PST,2706+j889.419
2025-01-01 20:48:00.02 PST,2695+j885.804
2025-01-01 20:49:00.02 PST,2635+j866.083
2025-01-01 20:50:00.02 PST,2635+j866.083
2025-01-01 20:51:00.02 PST,3184+j1046.53
2025-01-01 20:52:00.02 PST,3188+j1047.85
2025-01-01 20:53:00.02 PST,3235+j1063.29
2025-01-01 20:54:00.02 PST,3225+j1060.01
2025-01-01 20:55:00.02 PST,3206+j1053.76
2025-01-01 20:56:00.02 PST,2606+j856.551
2025-01-01 20:57:00.02 PST,2645+j869.369
2025-01-01 20:58:00.02 PST,2704+j888.762
2025-01-01 20:59:00.02 PST,2593+j852.278
2025-01-01 21:00:00.02 PST,2572+j845.376
2025-01-01 21:01:00.02 PST,731+j240.268
2025-01-01 21:02:00.02 PST,720+j236.653
2025-01-01 21:03:00.02 PST,710+j233.366
2025-01-01 21:04:00.02 PST,689+j226.463
2025-01-01 21:05:00.02 PST,1278+j420.058
2025-01-01 21:06:00.02 PST,1294+j425.317
2025-01-01 21:07:00.02 PST,1298+j426.632
2025-01-01 21:08:00.02 PST,1304+j428.604
2025-01-01 21:09:00.02 PST,1377+j452.598
2025-01-01 21:10:00.02 PST,707+j232.38
2025-01-01 21:11:00.02 PST,717+j235.667
2025-01-01 21:12:00.02 PST,709+j233.037
2025-01-01 21:13:00.02 PST,675+j221.862
2025-01-01 21:14:00.02 PST,642+j211.015
2025-01-01 21:15:00.02 PST,644+j211.673
2025-01-01 21:16:00.02 PST,645+j212.001
2025-01-01 21:17:00.02 PST,655+j215.288
2025-01-01 21:18:00.02 PST,655+j215.288
2025-01-01 21:19:00.02 PST,1285+j422.359
2025-01-01 21:20:00.02 PST,1302+j427.947
2025-01-01 21:21:00.02 PST,1315+j432.22
2025-01-01 21:22:00.02 PST,1322+j434.52
2025-01-01 21:23:00.02 PST,1435+j471.662
2025-01-01 21:24:00.02 PST,739+j242.898
2025-01-01 21:25:00.02 PST,735+j241.583
2025-01-01 21:26:00.02 PST,655+j215.288
2025-01-01 21:27:00.02 PST,654+j214.959
2025-01-01 21:28:00.02 PST,724+j237.967
2025-01-01 21:29:00.02 PST,656+j215.617
2025-01-01 21:30:00.02 PST,762+j250.457
2025-01-01 21:31:00.02 PST,751+j246.842
2025-01-01 21:32:00.02 PST,741+j243.555
2025-01-01 21:33:00.02 PST,740+j243.226
2025-01-01 21:34:00.02 PST,1400+j460.158
2025-01-01 21:35:00.02 PST,1410+j463.445
2025-01-01 21:36:00.02 PST,1119+j367.798
2025-01-01 21:37:00.02 PST,1146+j376.672
2025-01-01 21:38:00.02 PST,1135+j373.056
2025-01-01 21:39:00.02 PST,1498+j492.369
2025-01-01 21:40:00.02 PST,811+j266.563
2025-01-01 21:41:00.02 PST,824+j270.836
2025-01-01 21:42:00.02 PST,837+j275.109
2025-01-01 21:43:00.02 PST,836+j274.78
2025-01-01 21:44:00.02 PST,839+j275.766
2025-01-01 21:45:00.02 PST,832+j273.465
2025-01-01 21:46:00.02 PST,789+j259.332
2025-01-01 21:47:00.02 PST,762+j250.457
2025-01-01 21:48:00.02 PST,756+j248.485
2025-01-01 21:49:00.02 PST,1423+j467.717
2025-01-01 21:50:00.02 PST,1423+j467.717
2025-01-01 21:51:00.02 PST,1437+j472.319
2025-01-01 21:52:00.02 PST,1442+j473.962
2025-01-01 21:53:00.02 PST,1521+j499.929
2025-01-01 21:54:00.02 PST,830+j272.808
2025-01-01 21:55:00.02 PST,818+j268.864
2025-01-01 21:56:00.02 PST,827+j271.822
2025-01-01 21:57:00.02 PST,796+j261.633
2025-01-01 21:58:00.02 PST,735+j241.583
2025-01-01 21:59:00.02 PST,728+j239.282
2025-01-01 22:00:00.02 PST,724+j237.967
2025-01-01 22:01:00.02 PST,779+j256.045
2025-01-01 22:02:00.02 PST,769+j252.758
2025-01-01 22:03:00.02 PST,1421+j467.06
2025-01-01 22:04:00.02 PST,1436+j471.99
2025-01-01 22:05:00.02 PST,1502+j493.684
2025-01-01 22:06:00.02 PST,1494+j491.054
2025-01-01 22:07:00.02 PST,1468+j482.508
2025-01-01 22:08:00.02 PST,785+j258.017
2025-01-01 22:09:00.02 PST,783+j257.36
2025-01-01 22:10:00.02 PST,700+j230.079
2025-01-01 22:11:00.02 PST,698+j229.422
2025-01-01 22:12:00.02 PST,738+j242.569
2025-01-01 22:13:00.02 PST,398+j130.816
2025-01-01 22:14:00.02 PST,399+j131.145
2025-01-01 22:15:00.02 PST,676+j222.19
2025-01-01 22:16:00.02 PST,676+j222.19
2025-01-01 22:17:00.02 PST,716+j235.338
2025-01-01 22:18:00.02 PST,1426+j468.704
2025-01-01 22:19:00.02 PST,1420+j466.731
2025-01-01 22:20:00.02 PST,1473+j484.152
2025-01-01 22:21:00.02 PST,1460+j479.879
2025-01-01 22:22:00.02 PST,1373+j451.283
2025-01-01 22:23:00.02 PST,689+j226.463
2025-01-01 22:24:00.02 PST,689+j226.463
2025-01-01 22:25:00.02 PST,688+j226.135
2025-01-01 22:26:00.02 PST,688+j226.135
2025-01-01 22:27:00.02 PST,687+j225.806
2025-01-01 22:28:00.02 PST,697+j229.093
2025-01-01 22:29:00.02 PST,697+j229.093
2025-01-01 22:30:00.02 PST,416+j136.733
2025-01-01 22:31:00.02 PST,413+j135.747
2025-01-01 22:32:00.02 PST,412+j135.418
2025-01-01 22:33:00.02 PST,1095+j359.909
2025-01-01 22:34:00.02 PST,1381+j453.913
2025-01-01 22:35:00.02 PST,1361+j447.339
2025-01-01 22:36:00.02 PST,1410+j463.445
2025-01-01 22:37:00.02 PST,1406+j462.13
2025-01-01 22:38:00.02 PST,738+j242.569
2025-01-01 22:39:00.02 PST,827+j271.822
2025-01-01 22:40:00.02 PST,806+j264.919
2025-01-01 22:41:00.02 PST,778+j255.716
2025-01-01 22:42:00.02 PST,764+j251.115
2025-01-01 22:43:00.02 PST,754+j247.828
2025-01-01 22:44:00.02 PST,774+j254.401
2025-01-01 22:45:00.02 PST,751+j246.842
2025-01-01 22:46:00.02 PST,741+j243.555
2025-01-01 22:47:00.02 PST,443+j145.607
2025-01-01 22:48:00.02 PST,1135+j373.056
2025-01-01 22:49:00.02 PST,1143+j375.686
2025-01-01 22:50:00.02 PST,1455+j478.235
2025-01-01 22:51:00.02 PST,1447+j475.606
2025-01-01 22:52:00.02 PST,1490+j489.739
2025-01-01 22:53:00.02 PST,816+j268.206
2025-01-01 22:54:00.02 PST,806+j264.919
2025-01-01 22:55:00.02 PST,786+j258.346
2025-01-01 22:56:00.02 PST,775+j254.73
2025-01-01 22:57:00.02 PST,748+j245.856
2025-01-01 22:58:00.02 PST,721+j236.981
2025-01-01 22:59:00.02 PST,724+j237.967
2025-01-01 23:00:00.02 PST,727+j238.953
2025-01-01 23:01:00.02 PST,739+j242.898
2025-01-01 23:02:00.02 PST,749+j246.184
2025-01-01 23:03:00.02 PST,809+j265.905
2025-01-01 23:04:00.02 PST,1469+j482.837
2025-01-01 23:05:00.02 PST,1493+j490.725
2025-01-01 23:06:00.02 PST,1516+j498.285
2025-01-01 23:07:00.02 PST,1516+j498.285
2025-01-01 23:08:00.02 PST,836+j274.78
2025-01-01 23:09:00.02 PST,823+j270.507
2025-01-01 23:10:00.02 PST,813+j267.22
2025-01-01 23:11:00.02 PST,453+j148.894
2025-01-01 23:12:00.02 PST,473+j155.468
2025-01-01 23:13:00.02 PST,752+j247.17
2025-01-01 23:14:00.02 PST,702+j230.736
2025-01-01 23:15:00.02 PST,622+j204.442
2025-01-01 23:16:00.02 PST,731+j240.268
2025-01-01 23:17:00.02 PST,741+j243.555
2025-01-01 23:18:00.02 PST,1311+j430.905
2025-01-01 23:19:00.02 PST,1360+j447.01
2025-01-01 23:20:00.02 PST,1337+j439.451
2025-01-01 23:21:00.02 PST,1336+j439.122
2025-01-01 23:22:00.02 PST,1336+j439.122
2025-01-01 23:23:00.02 PST,653+j214.631
2025-01-01 23:24:00.02 PST,640+j210.358
2025-01-01 23:25:00.02 PST,627+j206.085
2025-01-01 23:26:00.02 PST,635+j208.714
2025-01-01 23:27:00.02 PST,551+j181.105
2025-01-01 23:28:00.02 PST,290+j95.318
2025-01-01 23:29:00.02 PST,289+j94.99
2025-01-01 23:30:00.02 PST,568+j186.693
2025-01-01 23:31:00.02 PST,627+j206.085
2025-01-01 23:32:00.02 PST,644+j211.673
2025-01-01 23:33:00.02 PST,677+j222.519
2025-01-01 23:34:00.02 PST,1317+j432.877
2025-01-01 23:35:00.02 PST,1267+j416.443
2025-01-01 23:36:00.02 PST,1226+j402.967
2025-01-01 23:37:00.02 PST,1223+j401.981
2025-01-01 23:38:00.02 PST,573+j188.336
2025-01-01 23:39:00.02 PST,563+j185.049
2025-01-01 23:40:00.02 PST,569+j187.021
2025-01-01 23:41:00.02 PST,603+j198.197
2025-01-01 23:42:00.02 PST,599+j196.882
2025-01-01 23:43:00.02 PST,309+j101.563
2025-01-01 23:44:00.02 PST,326+j107.151
2025-01-01 23:45:00.02 PST,626+j205.756
2025-01-01 23:46:00.02 PST,696+j228.764
2025-01-01 23:47:00.02 PST,920+j302.389
2025-01-01 23:48:00.02 PST,940+j308.963
2025-01-01 23:49:00.02 PST,1329+j436.821
2025-01-01 23:50:00.02 PST,1415+j465.088
2025-01-01 23:51:00.02 PST,1437+j472.319
2025-01-01 23:52:00.02 PST,1363+j447.996
2025-01-01 23:53:00.02 PST,670+j220.218
2025-01-01 23:54:00.02 PST,628+j206.414
2025-01-01 23:55:00.02 PST,655+j215.288
2025-01-01 23:56:00.02 PST,653+j214.631
2025-01-01 23:57:00.02 PST,651+j213.973
2025-01-01 23:58:00.02 PST,651+j213.973
2025-01-01 23:59:00.02 PST,651+j213.973
